{
  "id": "19w06a",
  "type": "snapshot",
  "time": "2019-02-06T16:24:13+00:00",
  "releaseTime": "2019-02-06T16:24:13+00:00",
  "url": "https://piston-meta.mojang.com/v1/packages/9c04771f81e2a5b8be9da887ced4250c9af11f83/19w06a.json",
  "assets": "1.14",
  "asset_index": "https://launchermeta.mojang.com/v1/packages/d6c94fad4f7a03a8e46083c023926515fc0e551e/1.14.json",
  "client": "https://launcher.mojang.com/v1/objects/10c8f97e8d9d32a6d0a951a7db6f51818d5d258a/client.jar",
  "client_mappings": null,
  "server": "https://launcher.mojang.com/v1/objects/20c069d373e77265aaeeedb733f7051e294325a3/server.jar",
  "server_mappings": null
}