{
  "id": "13w36b",
  "type": "snapshot",
  "time": "2013-09-06T12:31:58+00:00",
  "releaseTime": "2013-09-06T12:31:58+00:00",
  "url": "https://piston-meta.mojang.com/v1/packages/4a538e23057a596fc8c7e04d8a7738d866467f51/13w36b.json",
  "assets": "legacy",
  "asset_index": "https://launchermeta.mojang.com/v1/packages/770572e819335b6c0a053f8378ad88eda189fc14/legacy.json",
  "client": "https://launcher.mojang.com/v1/objects/bd29267cb8bfc3dd3821a9e5995e49c0c7516e72/client.jar",
  "client_mappings": null,
  "server": "https://launcher.mojang.com/v1/objects/2b6cdcd2df82ca8f04c1c2c7d77faf4cd25151ea/server.jar",
  "server_mappings": null
}