{
  "id": "1.17",
  "type": "release",
  "time": "2021-06-08T11:00:40+00:00",
  "releaseTime": "2021-06-08T11:00:40+00:00",
  "url": "https://piston-meta.mojang.com/v1/packages/f4fe7290a234a33b074c1b34735801827e49b657/1.17.json",
  "assets": "1.17",
  "asset_index": "https://launchermeta.mojang.com/v1/packages/778121f761dc8276a01d91120d54f33137b4c61b/1.17.json",
  "client": "https://launcher.mojang.com/v1/objects/1cf89c77ed5e72401b869f66410934804f3d6f52/client.jar",
  "client_mappings": "https://launcher.mojang.com/v1/objects/227d16f520848747a59bef6f490ae19dc290a804/client.txt",
  "server": "https://launcher.mojang.com/v1/objects/0a269b5f2c5b93b1712d0f5dc43b6182b9ab254e/server.jar",
  "server_mappings": "https://launcher.mojang.com/v1/objects/84d80036e14bc5c7894a4fad9dd9f367d3000334/server.txt"
}