{
  "id": "19w14a",
  "type": "snapshot",
  "time": "2019-04-03T13:45:00+00:00",
  "releaseTime": "2019-04-03T13:45:00+00:00",
  "url": "https://piston-meta.mojang.com/v1/packages/d0269d17bf3af72b454c8275e8603561541fc4df/19w14a.json",
  "assets": "1.14",
  "asset_index": "https://launchermeta.mojang.com/v1/packages/d6c94fad4f7a03a8e46083c023926515fc0e551e/1.14.json",
  "client": "https://launcher.mojang.com/v1/objects/d55493da62562de4c8005f6dd117adf78b287658/client.jar",
  "client_mappings": null,
  "server": "https://launcher.mojang.com/v1/objects/a786a10223f5218967bfd42a06f4bee9e9563f56/server.jar",
  "server_mappings": null
}