{
  "id": "1.8.8",
  "type": "release",
  "time": "2015-07-27T10:31:28+00:00",
  "releaseTime": "2015-07-27T10:31:28+00:00",
  "url": "https://piston-meta.mojang.com/v1/packages/690172f1227e1c1d2fa8fceadd0f578f7851a69e/1.8.8.json",
  "assets": "1.8",
  "asset_index": "https://launchermeta.mojang.com/v1/packages/f6ad102bcaa53b1a58358f16e376d548d44933ec/1.8.json",
  "client": "https://launcher.mojang.com/v1/objects/0983f08be6a4e624f5d85689d1aca869ed99c738/client.jar",
  "client_mappings": null,
  "server": "https://launcher.mojang.com/v1/objects/5fafba3f58c40dc51b5c3ca72a98f62dfdae1db7/server.jar",
  "server_mappings": null
}