{
  "id": "1.13-pre9",
  "type": "snapshot",
  "time": "2018-07-16T14:17:42+00:00",
  "releaseTime": "2018-07-16T14:17:42+00:00",
  "url": "https://piston-meta.mojang.com/v1/packages/759d8e0774bf80e7989185da0e177034ba5256f1/1.13-pre9.json",
  "assets": "1.13",
  "asset_index": "https://launchermeta.mojang.com/v1/packages/23981354446ddc141dcf03cc4bfa6b2a9492aa90/1.13.json",
  "client": "https://launcher.mojang.com/v1/objects/4dedcb718a3382496d19d13cfe5dc070528a15cd/client.jar",
  "client_mappings": null,
  "server": "https://launcher.mojang.com/v1/objects/ee66f5cb1247f4340734a151db4f940bbe04f833/server.jar",
  "server_mappings": null
}