{
  "id": "1.14.3-pre4",
  "type": "snapshot",
  "time": "2019-06-19T11:44:29+00:00",
  "releaseTime": "2019-06-19T11:44:29+00:00",
  "url": "https://piston-meta.mojang.com/v1/packages/6a3086cecaffe3030dcd8abd4afcf57520928ad1/1.14.3-pre4.json",
  "assets": "1.14",
  "asset_index": "https://launchermeta.mojang.com/v1/packages/d6c94fad4f7a03a8e46083c023926515fc0e551e/1.14.json",
  "client": "https://launcher.mojang.com/v1/objects/7f35f02e03ad1b837d0302c874e8cbc662bf1b88/client.jar",
  "client_mappings": null,
  "server": "https://launcher.mojang.com/v1/objects/d5397db937499277165abb27f8af04885be8b6b6/server.jar",
  "server_mappings": null
}