{
  "id": "1.19.1-rc1",
  "type": "snapshot",
  "time": "2022-06-23T16:32:41+00:00",
  "releaseTime": "2022-06-23T16:32:41+00:00",
  "url": "https://piston-meta.mojang.com/v1/packages/7dfa5b74bfc31004f98e55a8790bbc5ef892d6fe/1.19.1-rc1.json",
  "assets": "1.19",
  "asset_index": "https://piston-meta.mojang.com/v1/packages/0a4c73f7a55f2052b163739b96874a644551e9e4/1.19.json",
  "client": "https://piston-data.mojang.com/v1/objects/d1a0318001ad37b322f56c29582011e0911b2b49/client.jar",
  "client_mappings": "https://piston-data.mojang.com/v1/objects/f45b5b9218548772d45f4cb029d0249879895dfb/client.txt",
  "server": "https://piston-data.mojang.com/v1/objects/71a6d4c634de517ab1b6c2db8b743cbc831d9794/server.jar",
  "server_mappings": "https://piston-data.mojang.com/v1/objects/cd109fe35e99982bc443fbff21a1c5d12beca422/server.txt"
}