{
  "id": "13w37b",
  "type": "snapshot",
  "time": "2013-09-13T10:54:41+00:00",
  "releaseTime": "2013-09-13T10:54:41+00:00",
  "url": "https://piston-meta.mojang.com/v1/packages/b8d28154ee056af6af3c8c37815418fe0e9f34f8/13w37b.json",
  "assets": "legacy",
  "asset_index": "https://launchermeta.mojang.com/v1/packages/770572e819335b6c0a053f8378ad88eda189fc14/legacy.json",
  "client": "https://launcher.mojang.com/v1/objects/40850dff34422b17c4b6308d43277d3ebf5c5b0e/client.jar",
  "client_mappings": null,
  "server": "https://launcher.mojang.com/v1/objects/f6322a6791bbeabac94cbaa1cf9b779ad88b120f/server.jar",
  "server_mappings": null
}