{
  "id": "1.17-rc2",
  "type": "snapshot",
  "time": "2021-06-07T11:46:28+00:00",
  "releaseTime": "2021-06-07T11:46:28+00:00",
  "url": "https://piston-meta.mojang.com/v1/packages/0ece6fcad4c408c671e40035d4c8e6b379c4aa92/1.17-rc2.json",
  "assets": "1.17",
  "asset_index": "https://launchermeta.mojang.com/v1/packages/778121f761dc8276a01d91120d54f33137b4c61b/1.17.json",
  "client": "https://launcher.mojang.com/v1/objects/fe88ac6c8a0bedc9a48e5c9b48eb0f4dc24ccc79/client.jar",
  "client_mappings": "https://launcher.mojang.com/v1/objects/cb05fa784d1c99357cc5702a9df4daaf6ed58b9b/client.txt",
  "server": "https://launcher.mojang.com/v1/objects/1b6e0511e1e419fdcf5a81e53e36b5558032ee79/server.jar",
  "server_mappings": "https://launcher.mojang.com/v1/objects/4a643e9c4b7b607da9c93f3f8a81d87a08b9ac34/server.txt"
}