{
  "en_us": {
    "region": "US",
    "name": "English",
    "bidirectional": false
  },
  "af_za": {
    "region": "ZA",
    "name": "Afrikaans",
    "bidirectional": false
  },
  "ar_sa": {
    "region": "العالم العربي",
    "name": "العربية",
    "bidirectional": true
  },
  "bg_bg": {
    "region": "BG",
    "name": "Български",
    "bidirectional": false
  },
  "ca_es": {
    "region": "CAT",
    "name": "Català",
    "bidirectional": false
  },
  "cs_cz": {
    "region": "CZ",
    "name": "Čeština",
    "bidirectional": false
  },
  "cy_gb": {
    "region": "Cymru",
    "name": "Cymraeg",
    "bidirectional": false
  },
  "da_dk": {
    "region": "DK",
    "name": "Dansk",
    "bidirectional": false
  },
  "de_de": {
    "region": "Deutschland",
    "name": "Deutsch",
    "bidirectional": false
  },
  "el_gr": {
    "region": "El",
    "name": "Ελληνικά",
    "bidirectional": false
  },
  "en_au": {
    "region": "Australia",
    "name": "Australian English",
    "bidirectional": false
  },
  "en_ca": {
    "region": "CA",
    "name": "Canadian English",
    "bidirectional": false
  },
  "en_gb": {
    "region": "UK",
    "name": "English",
    "bidirectional": false
  },
  "en_pt": {
    "region": "PIRATE",
    "name": "Pirate Speak",
    "bidirectional": false
  },
  "eo_uy": {
    "region": "Mondo",
    "name": "Esperanto",
    "bidirectional": false
  },
  "es_ar": {
    "region": "Argentino",
    "name": "Español",
    "bidirectional": false
  },
  "es_es": {
    "region": "España",
    "name": "Español",
    "bidirectional": false
  },
  "es_mx": {
    "region": "México",
    "name": "Español",
    "bidirectional": false
  },
  "es_uy": {
    "region": "Uruguay",
    "name": "Español",
    "bidirectional": false
  },
  "es_ve": {
    "region": "Venezuela",
    "name": "Español",
    "bidirectional": false
  },
  "et_ee": {
    "region": "ET",
    "name": "Eesti",
    "bidirectional": false
  },
  "eu_es": {
    "region": "Euskal herria",
    "name": "Euskara",
    "bidirectional": false
  },
  "fa_ir": {
    "region": "آمریکا",
    "name": "زبان انگلیسی",
    "bidirectional": false
  },
  "fi_fi": {
    "region": "FI",
    "name": "suomi",
    "bidirectional": false
  },
  "fil_ph": {
    "region": "PH",
    "name": "Tagalog",
    "bidirectional": false
  },
  "fr_ca": {
    "region": "CA",
    "name": "Français",
    "bidirectional": false
  },
  "fr_fr": {
    "region": "France",
    "name": "Français",
    "bidirectional": false
  },
  "ga_ie": {
    "region": "Éire",
    "name": "Gaeilge",
    "bidirectional": false
  },
  "gl_es": {
    "region": "Galicia",
    "name": "Galego",
    "bidirectional": false
  },
  "he_il": {
    "region": "IL",
    "name": "עברית",
    "bidirectional": true
  },
  "hi_in": {
    "region": "भारत",
    "name": "अंग्रेज़ी",
    "bidirectional": false
  },
  "hr_hr": {
    "region": "HR",
    "name": "Hrvatski",
    "bidirectional": false
  },
  "hu_hu": {
    "region": "HU",
    "name": "Magyar",
    "bidirectional": false
  },
  "hy_am": {
    "region": "Հայաստան",
    "name": "Հայերեն",
    "bidirectional": false
  },
  "id_id": {
    "region": "ID",
    "name": "Bahasa Indonesia",
    "bidirectional": false
  },
  "is_is": {
    "region": "IS",
    "name": "Íslenska",
    "bidirectional": false
  },
  "it_it": {
    "region": "Italia",
    "name": "Italiano",
    "bidirectional": false
  },
  "ja_jp": {
    "region": "日本",
    "name": "日本語",
    "bidirectional": false
  },
  "ka_ge": {
    "region": "საქართველო",
    "name": "ქართული",
    "bidirectional": false
  },
  "ko_kr": {
    "region": "KR",
    "name": "한국어",
    "bidirectional": false
  },
  "kw_gb": {
    "region": "Kernow",
    "name": "Kernewek",
    "bidirectional": false
  },
  "la_la": {
    "region": "Vatican",
    "name": "Lingua latina",
    "bidirectional": false
  },
  "lb_lu": {
    "region": "Lëtzebuerg",
    "name": "Lëtzebuergesch",
    "bidirectional": false
  },
  "lt_lt": {
    "region": "Lietuva",
    "name": "Lietuvių",
    "bidirectional": false
  },
  "lv_lv": {
    "region": "Latvija",
    "name": "Latviešu",
    "bidirectional": false
  },
  "ms_my": {
    "region": "MS",
    "name": "Bahasa Melayu",
    "bidirectional": false
  },
  "mt_mt": {
    "region": "MT",
    "name": "Malti",
    "bidirectional": false
  },
  "nl_nl": {
    "region": "Nederland",
    "name": "Nederlands",
    "bidirectional": false
  },
  "nn_no": {
    "region": "Noreg",
    "name": "Norsk nynorsk",
    "bidirectional": false
  },
  "no_no": {
    "region": "Norge",
    "name": "Norsk",
    "bidirectional": false
  },
  "oc_fr": {
    "region": "Occitània",
    "name": "Occitan",
    "bidirectional": false
  },
  "pl_pl": {
    "region": "Polska",
    "name": "Polski",
    "bidirectional": false
  },
  "pt_br": {
    "region": "BR",
    "name": "Português",
    "bidirectional": false
  },
  "pt_pt": {
    "region": "Portugal",
    "name": "Português",
    "bidirectional": false
  },
  "qya_aa": {
    "region": "Arda",
    "name": "Quenya",
    "bidirectional": false
  },
  "ro_ro": {
    "region": "RO",
    "name": "Română",
    "bidirectional": false
  },
  "ru_ru": {
    "region": "Россия",
    "name": "Русский",
    "bidirectional": false
  },
  "sk_sk": {
    "region": "SK",
    "name": "Angličtina",
    "bidirectional": false
  },
  "sl_si": {
    "region": "SLO",
    "name": "Slovenščina",
    "bidirectional": false
  },
  "sr_sp": {
    "region": "Србија",
    "name": "Српски",
    "bidirectional": false
  },
  "sv_se": {
    "region": "Sverige",
    "name": "Svenska",
    "bidirectional": false
  },
  "th_th": {
    "region": "TH",
    "name": "ภาษาไทย",
    "bidirectional": false
  },
  "tlh_aa": {
    "region": "tlhIngan wo'",
    "name": "tlhIngan Hol",
    "bidirectional": false
  },
  "tr_tr": {
    "region": "TR",
    "name": "Türkçe",
    "bidirectional": false
  },
  "uk_ua": {
    "region": "Україна",
    "name": "Українська",
    "bidirectional": false
  },
  "vi_vn": {
    "region": "VN",
    "name": "Tiếng Việt",
    "bidirectional": false
  },
  "zh_cn": {
    "region": "中国",
    "name": "简体中文",
    "bidirectional": false
  },
  "zh_tw": {
    "region": "台灣",
    "name": "繁體中文",
    "bidirectional": false
  }
}