{
  "id": "1.12-pre4",
  "type": "snapshot",
  "time": "2017-05-18T12:28:16+00:00",
  "releaseTime": "2017-05-18T12:28:16+00:00",
  "url": "https://piston-meta.mojang.com/v1/packages/606b08d8fa71ccaf4fbb4399b9539032b0f2969a/1.12-pre4.json",
  "assets": "1.12",
  "asset_index": "https://launchermeta.mojang.com/v1/packages/1584b57c1a0b5e593fad1f5b8f78536ca640547b/1.12.json",
  "client": "https://launcher.mojang.com/v1/objects/a3c2de97aa317cc3d71614689d14592d555e02bd/client.jar",
  "client_mappings": null,
  "server": "https://launcher.mojang.com/v1/objects/588bcccfff42acc2cb6f7c6470cd6bc8ba393668/server.jar",
  "server_mappings": null
}