{
  "id": "1.17-pre4",
  "type": "snapshot",
  "time": "2021-06-02T16:15:43+00:00",
  "releaseTime": "2021-06-02T16:15:43+00:00",
  "url": "https://piston-meta.mojang.com/v1/packages/b5bdd3a3c2aef50188f7a7c622a850b00ade1471/1.17-pre4.json",
  "assets": "1.17",
  "asset_index": "https://launchermeta.mojang.com/v1/packages/778121f761dc8276a01d91120d54f33137b4c61b/1.17.json",
  "client": "https://launcher.mojang.com/v1/objects/de8e68ea23f837f9ab628cda7b16ba3de4b79153/client.jar",
  "client_mappings": "https://launcher.mojang.com/v1/objects/6be34fd616ed3f57869fb92df860d5c2d90e681c/client.txt",
  "server": "https://launcher.mojang.com/v1/objects/528f491660bc5dc94c0d7911345a97438e5c1d86/server.jar",
  "server_mappings": "https://launcher.mojang.com/v1/objects/0bdafb07d9b092dec693b3a7181504ed4bc4f5c4/server.txt"
}