{
  "id": "21w03a",
  "type": "snapshot",
  "time": "2021-01-20T14:56:29+00:00",
  "releaseTime": "2021-01-20T14:56:29+00:00",
  "url": "https://piston-meta.mojang.com/v1/packages/53296d94783b83ec44f101b0b572b297cbd6febc/21w03a.json",
  "assets": "1.17",
  "asset_index": "https://launchermeta.mojang.com/v1/packages/778121f761dc8276a01d91120d54f33137b4c61b/1.17.json",
  "client": "https://launcher.mojang.com/v1/objects/30d492744e5c282331958d2096cc8b39d8ec3145/client.jar",
  "client_mappings": "https://launcher.mojang.com/v1/objects/e2ce8c476d6e3412b5e580216c0b1a60069015e7/client.txt",
  "server": "https://launcher.mojang.com/v1/objects/dbe81ef81e20e76b1458be822026887fef84c541/server.jar",
  "server_mappings": "https://launcher.mojang.com/v1/objects/76085b5daeff626db3f2b8d221a1e366b0fc1dd4/server.txt"
}