{
  "id": "15w47a",
  "type": "snapshot",
  "time": "2015-11-18T15:53:41+00:00",
  "releaseTime": "2015-11-18T15:53:41+00:00",
  "url": "https://piston-meta.mojang.com/v1/packages/5e26942d1168acd1722b51c9d7736f14e66954dc/15w47a.json",
  "assets": "1.9",
  "asset_index": "https://launchermeta.mojang.com/v1/packages/06cc9a2c5ce504dc712ea2f699e4d645c48416dd/1.9.json",
  "client": "https://launcher.mojang.com/v1/objects/6af473660604bf20c99c2b8f04002666f0bcc53d/client.jar",
  "client_mappings": null,
  "server": "https://launcher.mojang.com/v1/objects/2299e712df1aacb7297d63b75a5299fe35c9b9fd/server.jar",
  "server_mappings": null
}