{
  "id": "1.8.2",
  "type": "release",
  "time": "2015-02-19T15:47:29+00:00",
  "releaseTime": "2015-02-19T15:47:29+00:00",
  "url": "https://piston-meta.mojang.com/v1/packages/1e35829856a71261f5a7b2b3a83012c7434b2203/1.8.2.json",
  "assets": "1.8",
  "asset_index": "https://launchermeta.mojang.com/v1/packages/f6ad102bcaa53b1a58358f16e376d548d44933ec/1.8.json",
  "client": "https://launcher.mojang.com/v1/objects/a8e71f6c81acfa834d249579a242f5b0852075c1/client.jar",
  "client_mappings": null,
  "server": "https://launcher.mojang.com/v1/objects/a37bdd5210137354ed1bfe3dac0a5b77fe08fe2e/server.jar",
  "server_mappings": null
}