{
    "__comment": "Fair warning, this format is highly likely to change even more in the future!",
    "useAmbientOcclusion": false,
    "inventoryRender3D": false,
    "elements": [
        {   "type": "plane",
            "from": [ 0, 0, 8.8 ],
            "to": [ 16, 22.4, 8.8 ],
            "facing": "south",
            "rotation": [ -22.5, 0, 0 ],
            "rescaleRotation": true,
            "faceData": {
                "uv": [ 0, 0, 16, 16 ],
                "textureFacing": "up",
                "cull": false
            }
        },
        {   "type": "plane",
            "from": [ 0, 0, 7.2 ],
            "to": [ 16, 22.4, 7.2 ],
            "facing": "north",
            "rotation": [ 22.5, 0, 0 ],
            "rescaleRotation": true,
            "faceData": {
                "uv": [ 0, 0, 16, 16 ],
                "textureFacing": "up",
                "cull": false
            }
        },
        {   "type": "plane",
            "from": [ 7.2, 0, 0 ],
            "to": [ 7.2, 22.4, 16 ],
            "facing": "west",
            "rotation": [ 0, 0, -22.5 ],
            "rescaleRotation": true,
            "faceData": {
                "uv": [ 0, 0, 16, 16 ],
                "textureFacing": "up",
                "cull": false
            }
        },
        {   "type": "plane",
            "from": [ 8.8, 0, 0 ],
            "to": [ 8.8, 22.4, 16 ],
            "facing": "east",
            "rotation": [ 0, 0, 22.5 ],
            "rescaleRotation": true,
            "faceData": {
                "uv": [ 0, 0, 16, 16 ],
                "textureFacing": "up",
                "cull": false
            }
        },
        {   "type": "plane",
            "from": [ 0, 0, 15.99 ],
            "to": [ 16, 22.4, 15.99 ],
            "facing": "south",
            "faceData": {
                "uv": [ 0, 0, 16, 16 ],
                "textureFacing": "up",
                "cull": false
            }
        },
        {   "type": "plane",
            "from": [ 0, 0, 0.01 ],
            "to": [ 16, 22.4, 0.01 ],
            "facing": "north",
            "faceData": {
                "uv": [ 0, 0, 16, 16 ],
                "textureFacing": "up",
                "cull": false
            }
        },
        {   "type": "plane",
            "from": [ 0.01, 0, 0 ],
            "to": [ 0.01, 22.4, 16 ],
            "facing": "west",
            "faceData": {
                "uv": [ 0, 0, 16, 16 ],
                "textureFacing": "down",
                "cull": false
            }
        },
        {   "type": "plane",
            "from": [ 15.99, 0, 0 ],
            "to": [ 15.99, 22.4, 16 ],
            "facing": "east",
            "faceData": {
                "uv": [ 0, 0, 16, 16 ],
                "textureFacing": "down",
                "cull": false
            }
        }
    ]
}
