{
    "__comment": "Fair warning, this format is highly likely to change even more in the future!",
    "elements": [
        {   "type": "cube",
            "from": [ 0, 0, 0 ],
            "to": [ 16, 16, 4 ],
            "faceData": {
                "down": {
                    "uv": [ 0, 4, 16, 0 ],
                    "textureFacing": "west"
                },
                "up": {
                    "uv": [ 0, 0, 16, 4 ],
                    "textureFacing": "west"
                },
                "north": {
                    "uv": [ 0, 0, 16, 16 ],
                    "textureFacing": "north"
                },
                "south": {
                    "uv": [ 0, 0, 16, 16 ],
                    "textureFacing": "south"
                },
                "west": {
                    "uv": [ 0, 0, 16, 4 ],
                    "rotation": 270,
                    "textureFacing": "west"
                },
                "east": {
                    "uv": [ 0, 0, 16, 4 ],
                    "rotation": 90,
                    "textureFacing": "west"
                }
            }
        },
        {   "type": "cube",
            "from": [ 6, 6, 4 ],
            "to": [ 10, 10, 16 ],
            "faceData": {
                "down": {
                    "uv": [ 4, 0, 16, 4 ],
                    "rotation": 90,
                    "textureFacing": "west"
                },
                "up": {
                    "uv": [ 4, 0, 16, 4 ],
                    "rotation": 270,
                    "textureFacing": "west"
                },
                "west": {
                    "uv": [ 16, 4, 4, 0 ],
                    "textureFacing": "west"
                },
                "east": {
                    "uv": [ 4, 0, 16, 4 ],
                    "textureFacing": "west"
                }
            }
        },
        {   "type": "cube",
            "from": [ 6, 6, 16 ],
            "to": [ 10, 10, 20 ],
            "faceData": {
                "down": {
                    "uv": [ 0, 0, 4, 4 ],
                    "rotation": 90,
                    "textureFacing": "west"
                },
                "up": {
                    "uv": [ 0, 0, 4, 4 ],
                    "rotation": 270,
                    "textureFacing": "west"
                },
                "west": {
                    "uv": [ 4, 4, 0, 0 ],
                    "textureFacing": "west"
                },
                "east": {
                    "uv": [ 0, 0, 4, 4 ],
                    "textureFacing": "west"
                }
            }
        }
    ]
}
