{
  "id": "15w39c",
  "type": "snapshot",
  "time": "2015-09-23T13:13:54+00:00",
  "releaseTime": "2015-09-23T13:13:54+00:00",
  "url": "https://piston-meta.mojang.com/v1/packages/134e9d87a2c86e82d98bc7f8ba5965b7fd6634c1/15w39c.json",
  "assets": "1.8",
  "asset_index": "https://launchermeta.mojang.com/v1/packages/f6ad102bcaa53b1a58358f16e376d548d44933ec/1.8.json",
  "client": "https://launcher.mojang.com/v1/objects/101e82c68b63be1f8c2dfc1bddcdb4a196442a84/client.jar",
  "client_mappings": null,
  "server": "https://launcher.mojang.com/v1/objects/d3f7fb05eef0331941b4161b1f2f2ded7151bbaf/server.jar",
  "server_mappings": null
}