{
  "rewards": {
    "recipes": [
      "minecraft:light_blue_banner"
    ]
  },
  "criteria": {
    "has_wool": {
      "trigger": "minecraft:inventory_changed",
      "conditions": {
        "items": [
          {
            "item": "minecraft:wool",
            "data": 3
          }
        ]
      }
    },
    "has_the_recipe": {
      "trigger": "minecraft:recipe_unlocked",
      "conditions": {
        "recipe": "light_blue_banner"
      }
    }
  },
  "requirements": [
    [
      "has_wool"
    ],
    [
      "has_the_recipe"
    ]
  ]
}