{
  "id": "1.14.3",
  "type": "release",
  "time": "2019-06-24T12:52:52+00:00",
  "releaseTime": "2019-06-24T12:52:52+00:00",
  "url": "https://piston-meta.mojang.com/v1/packages/970fb095132b5fa3edf829bbc487d415f3267d7f/1.14.3.json",
  "assets": "1.14",
  "asset_index": "https://launchermeta.mojang.com/v1/packages/d6c94fad4f7a03a8e46083c023926515fc0e551e/1.14.json",
  "client": "https://launcher.mojang.com/v1/objects/af100b34ec7ef2b8b9cf7775b544d21d690dddec/client.jar",
  "client_mappings": null,
  "server": "https://launcher.mojang.com/v1/objects/d0d0fe2b1dc6ab4c65554cb734270872b72dadd6/server.jar",
  "server_mappings": null
}