{
  "id": "18w20b",
  "type": "snapshot",
  "time": "2018-05-16T14:35:35+00:00",
  "releaseTime": "2018-05-16T14:35:35+00:00",
  "url": "https://piston-meta.mojang.com/v1/packages/bd72cc730f396bbe650de1ece6ceada70850a131/18w20b.json",
  "assets": "1.13",
  "asset_index": "https://launchermeta.mojang.com/v1/packages/23981354446ddc141dcf03cc4bfa6b2a9492aa90/1.13.json",
  "client": "https://launcher.mojang.com/v1/objects/91aa79a2aa3c656221defebf5310c1ffacfd81ed/client.jar",
  "client_mappings": null,
  "server": "https://launcher.mojang.com/v1/objects/35304e17de5fbe503b10bad50192d14a38e5cec0/server.jar",
  "server_mappings": null
}