{
  "id": "15w33a",
  "type": "snapshot",
  "time": "2015-08-12T14:05:07+00:00",
  "releaseTime": "2015-08-12T14:05:07+00:00",
  "url": "https://piston-meta.mojang.com/v1/packages/e5b7e666fd697aef925f539d3983d03ed5d4457e/15w33a.json",
  "assets": "1.8",
  "asset_index": "https://launchermeta.mojang.com/v1/packages/f6ad102bcaa53b1a58358f16e376d548d44933ec/1.8.json",
  "client": "https://launcher.mojang.com/v1/objects/337da43d1f130f57b69f295ad8a24b6851e111bf/client.jar",
  "client_mappings": null,
  "server": "https://launcher.mojang.com/v1/objects/b2f50a0daf6fd2e70dac4d7da302524566b57a55/server.jar",
  "server_mappings": null
}