{
  "id": "15w31b",
  "type": "snapshot",
  "time": "2015-07-30T13:38:32+00:00",
  "releaseTime": "2015-07-30T13:38:32+00:00",
  "url": "https://piston-meta.mojang.com/v1/packages/c9c8d4b706ebb7a057bb91ac69d84ea060b8d174/15w31b.json",
  "assets": "1.8",
  "asset_index": "https://launchermeta.mojang.com/v1/packages/f6ad102bcaa53b1a58358f16e376d548d44933ec/1.8.json",
  "client": "https://launcher.mojang.com/v1/objects/25f9d73567cb53e3d62675c297946ba8d47c4282/client.jar",
  "client_mappings": null,
  "server": "https://launcher.mojang.com/v1/objects/67f5af98eeef5f6267aca782ea3a536d50f33bc6/server.jar",
  "server_mappings": null
}