{
  "id": "15w36b",
  "type": "snapshot",
  "time": "2015-09-02T15:36:25+00:00",
  "releaseTime": "2015-09-02T15:36:25+00:00",
  "url": "https://piston-meta.mojang.com/v1/packages/2268159e9ce438054660ac86d55db3ddfed1e20b/15w36b.json",
  "assets": "1.8",
  "asset_index": "https://launchermeta.mojang.com/v1/packages/f6ad102bcaa53b1a58358f16e376d548d44933ec/1.8.json",
  "client": "https://launcher.mojang.com/v1/objects/603273cbc881fdc012541e692d78c6f471349f56/client.jar",
  "client_mappings": null,
  "server": "https://launcher.mojang.com/v1/objects/81ab225579322b61b3a37f7d56f400077c1c5978/server.jar",
  "server_mappings": null
}