{
    "__comment": "Fair warning, this format is highly likely to change even more in the future!",
    "name": "cube",
    "elements": [
        {   "type": "cube",
            "from": [ 0, 0, 0 ],
            "to": [ 16, 16, 16 ],
            "shade": [ 0.5, 1.0, 0.8, 0.8, 0.6, 0.6 ],
            "uv": [
                [ 0, 0, 16, 16, "down" ],
                [ 0, 0, 16, 16, "up" ],
                [ 0, 0, 16, 16, "north" ],
                [ 0, 0, 16, 16, "south" ],
                [ 0, 0, 16, 16, "west" ],
                [ 0, 0, 16, 16, "east" ]
            ]
        }
    ]
}
