{
    "__comment": "Fair warning, this format is highly likely to change even more in the future!",
    "name": "vine17",
    "useAmbientOcclusion": false,
    "inventoryRender3D": false,
    "elements": [
        {   "type": "plane",
            "from": [ 0, 15.2, 0 ],
            "to": [ 16, 15.2, 16 ],
            "uv": [ 0, 0, 16, 16, "down" ],
            "shade": 1.0,
            "tint": true,
            "facing": "down",
            "cull": false
        },
        {   "type": "plane",
            "from": [ 0, 0, 15.2 ],
            "to": [ 16, 16, 15.2 ],
            "uv": [ 0, 0, 16, 16, "down" ],
            "shade": 1.0,
            "tint": true,
            "facing": "north",
            "cull": false
        }
    ]
}
