{
  "id": "18w11a",
  "type": "snapshot",
  "time": "2018-03-13T15:10:59+00:00",
  "releaseTime": "2018-03-13T15:10:59+00:00",
  "url": "https://piston-meta.mojang.com/v1/packages/0855bcb6451c60dcd57652ad7e17ab76f3a0ee41/18w11a.json",
  "assets": "1.13",
  "asset_index": "https://launchermeta.mojang.com/v1/packages/23981354446ddc141dcf03cc4bfa6b2a9492aa90/1.13.json",
  "client": "https://launcher.mojang.com/v1/objects/e4abfe0c5e7f490a1071e7c99cb1cef81ffd89dc/client.jar",
  "client_mappings": null,
  "server": "https://launcher.mojang.com/v1/objects/4286b7cbc4709c8f61c93a77b42c70918376cac3/server.jar",
  "server_mappings": null
}