{
  "id": "1.13.2-pre2",
  "type": "snapshot",
  "time": "2018-10-18T14:46:12+00:00",
  "releaseTime": "2018-10-18T14:46:12+00:00",
  "url": "https://piston-meta.mojang.com/v1/packages/1486e6c0f9281ea2ffff15fb594435960eb30b16/1.13.2-pre2.json",
  "assets": "1.13.1",
  "asset_index": "https://launchermeta.mojang.com/v1/packages/6d78d53da5ac7158e2f725056312edf9871dfbb1/1.13.1.json",
  "client": "https://launcher.mojang.com/v1/objects/3ad1375091d9de67beb3197dcd173d05ff27dd0b/client.jar",
  "client_mappings": null,
  "server": "https://launcher.mojang.com/v1/objects/2f39df32f20196b5a6acad117f7d6b404b069c58/server.jar",
  "server_mappings": null
}