{
  "id": "1.17.1-pre1",
  "type": "snapshot",
  "time": "2021-06-18T12:24:40+00:00",
  "releaseTime": "2021-06-18T12:24:40+00:00",
  "url": "https://piston-meta.mojang.com/v1/packages/fdd2af232a8b80573cb892352f638ac8e150f62c/1.17.1-pre1.json",
  "assets": "1.17",
  "asset_index": "https://launchermeta.mojang.com/v1/packages/778121f761dc8276a01d91120d54f33137b4c61b/1.17.json",
  "client": "https://launcher.mojang.com/v1/objects/e2379ea3e1ff2ad1ab566e7fad78ce39eff3781f/client.jar",
  "client_mappings": "https://launcher.mojang.com/v1/objects/cd9dd46791ba48dc872d91b1e405dcc9dc542e85/client.txt",
  "server": "https://launcher.mojang.com/v1/objects/42dfafdd31a1e6edfe59c79ea0e109fede1c8071/server.jar",
  "server_mappings": "https://launcher.mojang.com/v1/objects/27b8583a59c3803db3155640257e83d5138c9b11/server.txt"
}