{
  "id": "1.8.9",
  "type": "release",
  "time": "2015-12-03T09:24:39+00:00",
  "releaseTime": "2015-12-03T09:24:39+00:00",
  "url": "https://piston-meta.mojang.com/v1/packages/d546f1707a3f2b7d034eece5ea2e311eda875787/1.8.9.json",
  "assets": "1.8",
  "asset_index": "https://launchermeta.mojang.com/v1/packages/f6ad102bcaa53b1a58358f16e376d548d44933ec/1.8.json",
  "client": "https://launcher.mojang.com/v1/objects/3870888a6c3d349d3771a3e9d16c9bf5e076b908/client.jar",
  "client_mappings": null,
  "server": "https://launcher.mojang.com/v1/objects/b58b2ceb36e01bcd8dbf49c8fb66c55a9f0676cd/server.jar",
  "server_mappings": null
}