{
  "id": "1.13-pre1",
  "type": "snapshot",
  "time": "2018-06-04T15:17:34+00:00",
  "releaseTime": "2018-06-04T15:17:34+00:00",
  "url": "https://piston-meta.mojang.com/v1/packages/265ac26f2bcd418656f00d23260fc2a8348a1ea1/1.13-pre1.json",
  "assets": "1.13",
  "asset_index": "https://launchermeta.mojang.com/v1/packages/23981354446ddc141dcf03cc4bfa6b2a9492aa90/1.13.json",
  "client": "https://launcher.mojang.com/v1/objects/f9b3302a997e52af71efc3904d805957430e4820/client.jar",
  "client_mappings": null,
  "server": "https://launcher.mojang.com/v1/objects/e031e58e1d9e745877404530d39775bf9ffa9a56/server.jar",
  "server_mappings": null
}