{
  "id": "19w05a",
  "type": "snapshot",
  "time": "2019-01-30T15:16:49+00:00",
  "releaseTime": "2019-01-30T15:16:49+00:00",
  "url": "https://piston-meta.mojang.com/v1/packages/d540b37f16a36cb8e808b99619264e3b7e887099/19w05a.json",
  "assets": "1.14",
  "asset_index": "https://launchermeta.mojang.com/v1/packages/d6c94fad4f7a03a8e46083c023926515fc0e551e/1.14.json",
  "client": "https://launcher.mojang.com/v1/objects/26f8cdc6354884a4564a6d4e9dceb4e4440dfb54/client.jar",
  "client_mappings": null,
  "server": "https://launcher.mojang.com/v1/objects/521021450baf9b9b98b0a6d0cb60e97f306f4f57/server.jar",
  "server_mappings": null
}