{
  "id": "16w04a",
  "type": "snapshot",
  "time": "2016-01-28T15:37:24+00:00",
  "releaseTime": "2016-01-28T15:37:24+00:00",
  "url": "https://piston-meta.mojang.com/v1/packages/aa0ba9a603bca8afa4b680a792aaabb88c93d016/16w04a.json",
  "assets": "1.9",
  "asset_index": "https://launchermeta.mojang.com/v1/packages/06cc9a2c5ce504dc712ea2f699e4d645c48416dd/1.9.json",
  "client": "https://launcher.mojang.com/v1/objects/1bb971fd5f636f4dca76410c1abd02abc1b32101/client.jar",
  "client_mappings": null,
  "server": "https://launcher.mojang.com/v1/objects/8b7d974f3161ddb90b14ff77a668bf0350689bb2/server.jar",
  "server_mappings": null
}