{
  "id": "1.18.1-rc1",
  "type": "snapshot",
  "time": "2021-12-07T15:52:47+00:00",
  "releaseTime": "2021-12-07T15:52:47+00:00",
  "url": "https://piston-meta.mojang.com/v1/packages/bde35b5afb66268de2caab11efb490f8d9f331e7/1.18.1-rc1.json",
  "assets": "1.18",
  "asset_index": "https://launchermeta.mojang.com/v1/packages/9f03880afa475714d0a141be7252aec5755283d0/1.18.json",
  "client": "https://launcher.mojang.com/v1/objects/e123b3b6b654213cd4f9f381dc17c1ad2f6b2fe2/client.jar",
  "client_mappings": "https://launcher.mojang.com/v1/objects/17cd609e90409b0b0eebf0ff0c969279bbe34c18/client.txt",
  "server": "https://launcher.mojang.com/v1/objects/fa98951fb1fa1ca04d8d6283e91e667d91e6410d/server.jar",
  "server_mappings": "https://launcher.mojang.com/v1/objects/7d7bfa82af5af763e01919942b56062267edaf38/server.txt"
}