{
  "id": "17w18b",
  "type": "snapshot",
  "time": "2017-05-04T13:40:22+00:00",
  "releaseTime": "2017-05-04T13:40:22+00:00",
  "url": "https://piston-meta.mojang.com/v1/packages/a8e91e6b7e1beec49428fbeb1907f7fbe7b69d4e/17w18b.json",
  "assets": "1.12",
  "asset_index": "https://launchermeta.mojang.com/v1/packages/1584b57c1a0b5e593fad1f5b8f78536ca640547b/1.12.json",
  "client": "https://launcher.mojang.com/v1/objects/d10320fe0a9bf0e86bbea792216bb0da4430b17a/client.jar",
  "client_mappings": null,
  "server": "https://launcher.mojang.com/v1/objects/915c1833209d588ade3e064577700037093861da/server.jar",
  "server_mappings": null
}