{
  "id": "1.16-pre7",
  "type": "snapshot",
  "time": "2020-06-16T15:31:35+00:00",
  "releaseTime": "2020-06-16T15:31:35+00:00",
  "url": "https://piston-meta.mojang.com/v1/packages/fd91aeab0b3c5e8c2592b8382030c84d3d2207ea/1.16-pre7.json",
  "assets": "1.16",
  "asset_index": "https://launchermeta.mojang.com/v1/packages/28680197f74e5e1d55054f6a63509c8298d428f9/1.16.json",
  "client": "https://launcher.mojang.com/v1/objects/62473fe623906a01b2f7cf4f7c1396ab23697e5f/client.jar",
  "client_mappings": "https://launcher.mojang.com/v1/objects/346d0cee6a2539c9edfb8dbc817f157cfb8627e5/client.txt",
  "server": "https://launcher.mojang.com/v1/objects/577f7287642309a2a32e80be395329118dfddb3f/server.jar",
  "server_mappings": "https://launcher.mojang.com/v1/objects/6da8e27122ba2731f6b9f935a91ffa47a8af2a14/server.txt"
}