{
  "id": "17w16a",
  "type": "snapshot",
  "time": "2017-04-20T13:58:35+00:00",
  "releaseTime": "2017-04-20T13:58:35+00:00",
  "url": "https://piston-meta.mojang.com/v1/packages/5b21a349859d9bb104d35f0f27d0cd02d8a50212/17w16a.json",
  "assets": "1.12",
  "asset_index": "https://launchermeta.mojang.com/v1/packages/1584b57c1a0b5e593fad1f5b8f78536ca640547b/1.12.json",
  "client": "https://launcher.mojang.com/v1/objects/2b7de5e297fda9fc35500c6db18627be00ad003c/client.jar",
  "client_mappings": null,
  "server": "https://launcher.mojang.com/v1/objects/47cfe5d44ccf6333b697da3e82e35bb3725e53d8/server.jar",
  "server_mappings": null
}