{
  "id": "1.7.5",
  "type": "release",
  "time": "2014-02-26T09:22:17+00:00",
  "releaseTime": "2014-02-26T09:22:17+00:00",
  "url": "https://piston-meta.mojang.com/v1/packages/4afb628501a6a206b80a47ab4f29ea6b98caac90/1.7.5.json",
  "assets": "1.7.4",
  "asset_index": "https://launchermeta.mojang.com/v1/packages/545510a60f526b9aa8a38f9c0bc7a74235d21675/1.7.4.json",
  "client": "https://launcher.mojang.com/v1/objects/77aa70ac5054cbf1140b6449b579e950d5050c4a/client.jar",
  "client_mappings": null,
  "server": "https://launcher.mojang.com/v1/objects/e1d557b2e31ea881404e41b05ec15c810415e060/server.jar",
  "server_mappings": null
}