{
  "id": "1.14 Pre-Release 2",
  "type": "snapshot",
  "time": "2019-04-12T11:38:53+00:00",
  "releaseTime": "2019-04-12T11:38:53+00:00",
  "url": "https://piston-meta.mojang.com/v1/packages/0c322327071722961042d33e7221c05037e22171/1.14%20Pre-Release%202.json",
  "assets": "1.14",
  "asset_index": "https://launchermeta.mojang.com/v1/packages/d6c94fad4f7a03a8e46083c023926515fc0e551e/1.14.json",
  "client": "https://launcher.mojang.com/v1/objects/7d41669ddd780baecab2926d6ea6b08dac7d834f/client.jar",
  "client_mappings": null,
  "server": "https://launcher.mojang.com/v1/objects/353cc74b9aefd4675730449f50f5c0066063ac3f/server.jar",
  "server_mappings": null
}