{
  "id": "1.12",
  "type": "release",
  "time": "2017-06-02T13:50:27+00:00",
  "releaseTime": "2017-06-02T13:50:27+00:00",
  "url": "https://piston-meta.mojang.com/v1/packages/fa3085f26ec90ef361352c3076e98aba6781b4b5/1.12.json",
  "assets": "1.12",
  "asset_index": "https://launchermeta.mojang.com/v1/packages/1584b57c1a0b5e593fad1f5b8f78536ca640547b/1.12.json",
  "client": "https://launcher.mojang.com/v1/objects/909823f9c467f9934687f136bc95a667a0d19d7f/client.jar",
  "client_mappings": null,
  "server": "https://launcher.mojang.com/v1/objects/8494e844e911ea0d63878f64da9dcc21f53a3463/server.jar",
  "server_mappings": null
}