{
  "id": "1.4.6",
  "type": "release",
  "time": "2012-12-19T22:00:00+00:00",
  "releaseTime": "2012-12-19T22:00:00+00:00",
  "url": "https://piston-meta.mojang.com/v1/packages/a7d02971582fcdf14ea275cc549cb57604a37079/1.4.6.json",
  "assets": "pre-1.6",
  "asset_index": "https://launchermeta.mojang.com/v1/packages/4759bad2824e419da9db32861fcdc3a274336532/pre-1.6.json",
  "client": "https://launcher.mojang.com/v1/objects/116758f41b32e8d1a71a4ad6236579acd724bca7/client.jar",
  "client_mappings": null,
  "server": "https://launcher.mojang.com/v1/objects/a0aeb5709af5f2c3058c1cf0dc6b110a7a61278c/server.jar",
  "server_mappings": null
}