{
  "id": "15w51a",
  "type": "snapshot",
  "time": "2015-12-17T14:02:37+00:00",
  "releaseTime": "2015-12-17T14:02:37+00:00",
  "url": "https://piston-meta.mojang.com/v1/packages/8c15fe5539b86e5c17b227c08f2d4849638fbb5d/15w51a.json",
  "assets": "1.9",
  "asset_index": "https://launchermeta.mojang.com/v1/packages/06cc9a2c5ce504dc712ea2f699e4d645c48416dd/1.9.json",
  "client": "https://launcher.mojang.com/v1/objects/764384c71c303b3e18146dd90ac8cad2550b6ffb/client.jar",
  "client_mappings": null,
  "server": "https://launcher.mojang.com/v1/objects/4d5f4d2111272d67f2238b83a552599b9b7ad92f/server.jar",
  "server_mappings": null
}