{
  "id": "19w45b",
  "type": "snapshot",
  "time": "2019-11-08T12:42:44+00:00",
  "releaseTime": "2019-11-08T12:42:44+00:00",
  "url": "https://piston-meta.mojang.com/v1/packages/f2ab5210dbc8768733b227747139e6054b93ae57/19w45b.json",
  "assets": "1.15",
  "asset_index": "https://launchermeta.mojang.com/v1/packages/3b41ad81220d2f21ff5b343629de725047dac13d/1.15.json",
  "client": "https://launcher.mojang.com/v1/objects/bf60be81bb0902fdeb221d0d09870112d31df0b7/client.jar",
  "client_mappings": "https://launcher.mojang.com/v1/objects/96d2736d57153d4b6195a3ba361396d7fad8d751/client.txt",
  "server": "https://launcher.mojang.com/v1/objects/0d0d7db69eb40408c23ce4503dfd00671bcb9e6b/server.jar",
  "server_mappings": "https://launcher.mojang.com/v1/objects/5d63db192f83431fd627927ac9359baa76f3130f/server.txt"
}