{
  "id": "1.13-pre10",
  "type": "snapshot",
  "time": "2018-07-17T14:48:06+00:00",
  "releaseTime": "2018-07-17T14:48:06+00:00",
  "url": "https://piston-meta.mojang.com/v1/packages/85f3919d95ecf499c384465d6b9526a943529302/1.13-pre10.json",
  "assets": "1.13",
  "asset_index": "https://launchermeta.mojang.com/v1/packages/23981354446ddc141dcf03cc4bfa6b2a9492aa90/1.13.json",
  "client": "https://launcher.mojang.com/v1/objects/72c4fbff2a1318a57bfb66e325055064a13378a8/client.jar",
  "client_mappings": null,
  "server": "https://launcher.mojang.com/v1/objects/2ffcae7a9489d515b0f733430923ef974dffd56b/server.jar",
  "server_mappings": null
}