{
  "id": "18w22a",
  "type": "snapshot",
  "time": "2018-05-29T13:23:55+00:00",
  "releaseTime": "2018-05-29T13:23:55+00:00",
  "url": "https://piston-meta.mojang.com/v1/packages/adc9b9d5fd1152c1ffa17a6075e57e764438c3c8/18w22a.json",
  "assets": "1.13",
  "asset_index": "https://launchermeta.mojang.com/v1/packages/23981354446ddc141dcf03cc4bfa6b2a9492aa90/1.13.json",
  "client": "https://launcher.mojang.com/v1/objects/0a864719da82dd91bf5d7031cf9c40e5ec3dbfd7/client.jar",
  "client_mappings": null,
  "server": "https://launcher.mojang.com/v1/objects/077225ee7bca03f521ed8df86fa4740b8e7a3cad/server.jar",
  "server_mappings": null
}