{
  "id": "1.12-pre7",
  "type": "snapshot",
  "time": "2017-05-31T10:56:41+00:00",
  "releaseTime": "2017-05-31T10:56:41+00:00",
  "url": "https://piston-meta.mojang.com/v1/packages/0d423dd47bb49610bba145e8e76f62202ca762a8/1.12-pre7.json",
  "assets": "1.12",
  "asset_index": "https://launchermeta.mojang.com/v1/packages/1584b57c1a0b5e593fad1f5b8f78536ca640547b/1.12.json",
  "client": "https://launcher.mojang.com/v1/objects/2439b69adbb6d5f2e8fee5145084603e033007c7/client.jar",
  "client_mappings": null,
  "server": "https://launcher.mojang.com/v1/objects/a8d79598161edc5f67b606120ea9e62bcefcaaa7/server.jar",
  "server_mappings": null
}