{
  "id": "15w33c",
  "type": "snapshot",
  "time": "2015-08-14T13:10:46+00:00",
  "releaseTime": "2015-08-14T13:10:46+00:00",
  "url": "https://piston-meta.mojang.com/v1/packages/c602ac43b9f2c23b4c39999a6368bbccd31852ca/15w33c.json",
  "assets": "1.8",
  "asset_index": "https://launchermeta.mojang.com/v1/packages/f6ad102bcaa53b1a58358f16e376d548d44933ec/1.8.json",
  "client": "https://launcher.mojang.com/v1/objects/23237d415c9cf637a261e02f6759f4ab1d553f52/client.jar",
  "client_mappings": null,
  "server": "https://launcher.mojang.com/v1/objects/042b351243f4236d02976ffc1e7f83f93ac932c7/server.jar",
  "server_mappings": null
}