{
  "id": "16w39b",
  "type": "snapshot",
  "time": "2016-09-29T14:39:39+00:00",
  "releaseTime": "2016-09-29T14:39:39+00:00",
  "url": "https://piston-meta.mojang.com/v1/packages/8dda45987a2c91c1ddf862d7b1b08f212cc5ff97/16w39b.json",
  "assets": "1.11",
  "asset_index": "https://launchermeta.mojang.com/v1/packages/4fa7f939c7e9902e6c674ad1d00358f8c08d7b8e/1.11.json",
  "client": "https://launcher.mojang.com/v1/objects/f04ca007b45c3fed9ba03c5ada8926320a4ddbd5/client.jar",
  "client_mappings": null,
  "server": "https://launcher.mojang.com/v1/objects/07eb3f85fc848ec8e209377aee1f7f574566e130/server.jar",
  "server_mappings": null
}