{
  "rewards": {
    "recipes": [
      "minecraft:anvil"
    ]
  },
  "criteria": {
    "has_iron_block": {
      "trigger": "minecraft:inventory_changed",
      "conditions": {
        "items": [
          {
            "item": "minecraft:iron_block"
          }
        ]
      }
    },
    "has_the_recipe": {
      "trigger": "minecraft:recipe_unlocked",
      "conditions": {
        "recipe": "anvil"
      }
    }
  },
  "requirements": [
    [
      "has_iron_block",
      "has_the_recipe"
    ]
  ]
}