{
  "id": "15w34d",
  "type": "snapshot",
  "time": "2015-08-21T15:27:55+00:00",
  "releaseTime": "2015-08-21T15:27:55+00:00",
  "url": "https://piston-meta.mojang.com/v1/packages/3c0d347369147a3951163679127a5bf8e78be5a2/15w34d.json",
  "assets": "1.8",
  "asset_index": "https://launchermeta.mojang.com/v1/packages/f6ad102bcaa53b1a58358f16e376d548d44933ec/1.8.json",
  "client": "https://launcher.mojang.com/v1/objects/db8e9c2ed19d783588e9936fcd6a923629e883cd/client.jar",
  "client_mappings": null,
  "server": "https://launcher.mojang.com/v1/objects/8bf058527fd4bd5d2951e1573d0ff849aedb0197/server.jar",
  "server_mappings": null
}