{
  "id": "1.13-pre6",
  "type": "snapshot",
  "time": "2018-07-04T12:36:00+00:00",
  "releaseTime": "2018-07-04T12:36:00+00:00",
  "url": "https://piston-meta.mojang.com/v1/packages/e5a3e56dc265a8791563967dae462cf9fbd5fc1b/1.13-pre6.json",
  "assets": "1.13",
  "asset_index": "https://launchermeta.mojang.com/v1/packages/23981354446ddc141dcf03cc4bfa6b2a9492aa90/1.13.json",
  "client": "https://launcher.mojang.com/v1/objects/9405570c459c0803da2754b34e5ffeb74413a904/client.jar",
  "client_mappings": null,
  "server": "https://launcher.mojang.com/v1/objects/71a2f9a760f0cbcf09d1eae60eebe1ccbb7ea1db/server.jar",
  "server_mappings": null
}