{
  "id": "19w03a",
  "type": "snapshot",
  "time": "2019-01-16T16:45:02+00:00",
  "releaseTime": "2019-01-16T16:45:02+00:00",
  "url": "https://piston-meta.mojang.com/v1/packages/7767943a6356d3073ec4d9ccc51be69b4a2a7631/19w03a.json",
  "assets": "1.14",
  "asset_index": "https://launchermeta.mojang.com/v1/packages/d6c94fad4f7a03a8e46083c023926515fc0e551e/1.14.json",
  "client": "https://launcher.mojang.com/v1/objects/7280ee42cce1c0371c96c95c22170d3aea7068bb/client.jar",
  "client_mappings": null,
  "server": "https://launcher.mojang.com/v1/objects/1e80738a5360887bc93a46bdffb07699a45bf5a1/server.jar",
  "server_mappings": null
}