{
  "id": "1.12-pre3",
  "type": "snapshot",
  "time": "2017-05-17T14:09:18+00:00",
  "releaseTime": "2017-05-17T14:09:18+00:00",
  "url": "https://piston-meta.mojang.com/v1/packages/6a38ed63f8af119ac4aeb03410b025a312e6e890/1.12-pre3.json",
  "assets": "1.12",
  "asset_index": "https://launchermeta.mojang.com/v1/packages/1584b57c1a0b5e593fad1f5b8f78536ca640547b/1.12.json",
  "client": "https://launcher.mojang.com/v1/objects/8929ff4a80fae0cf26e24bb05c6706f4d7638fdd/client.jar",
  "client_mappings": null,
  "server": "https://launcher.mojang.com/v1/objects/c985b2083848efcc8d1658d6cda5644681035f80/server.jar",
  "server_mappings": null
}