{
  "id": "19w13a",
  "type": "snapshot",
  "time": "2019-03-27T15:15:31+00:00",
  "releaseTime": "2019-03-27T15:15:31+00:00",
  "url": "https://piston-meta.mojang.com/v1/packages/4060bc60451368fe9ba137c9a56f8f925aaf0320/19w13a.json",
  "assets": "1.14",
  "asset_index": "https://launchermeta.mojang.com/v1/packages/d6c94fad4f7a03a8e46083c023926515fc0e551e/1.14.json",
  "client": "https://launcher.mojang.com/v1/objects/dac80b7f57dee4b0deaa6c78821908c5a5cc7071/client.jar",
  "client_mappings": null,
  "server": "https://launcher.mojang.com/v1/objects/c63080e9349640fda5820bbe48cacc623c99c496/server.jar",
  "server_mappings": null
}