{
  "id": "1.7.10",
  "type": "release",
  "time": "2014-05-14T17:29:23+00:00",
  "releaseTime": "2014-05-14T17:29:23+00:00",
  "url": "https://piston-meta.mojang.com/v1/packages/ed5d8789ed29872ea2ef1c348302b0c55e3f3468/1.7.10.json",
  "assets": "1.7.10",
  "asset_index": "https://launchermeta.mojang.com/v1/packages/1863782e33ce7b584fc45b037325a1964e095d3e/1.7.10.json",
  "client": "https://launcher.mojang.com/v1/objects/e80d9b3bf5085002218d4be59e668bac718abbc6/client.jar",
  "client_mappings": null,
  "server": "https://launcher.mojang.com/v1/objects/952438ac4e01b4d115c5fc38f891710c4941df29/server.jar",
  "server_mappings": null
}