{
  "id": "1.2.3",
  "type": "release",
  "time": "2012-03-01T22:00:00+00:00",
  "releaseTime": "2012-03-01T22:00:00+00:00",
  "url": "https://piston-meta.mojang.com/v1/packages/4100a29330f76c93ef3bdc47d11fa016fd73de99/1.2.3.json",
  "assets": "pre-1.6",
  "asset_index": "https://launchermeta.mojang.com/v1/packages/4759bad2824e419da9db32861fcdc3a274336532/pre-1.6.json",
  "client": "https://launcher.mojang.com/v1/objects/5134e433afeba375c00bbdcd8aead1d3222813ee/client.jar",
  "client_mappings": null,
  "server": null,
  "server_mappings": null
}