{
  "id": "1.14 Pre-Release 1",
  "type": "snapshot",
  "time": "2019-04-10T14:24:16+00:00",
  "releaseTime": "2019-04-10T14:24:16+00:00",
  "url": "https://piston-meta.mojang.com/v1/packages/9f71a3ea076d679b54fbc9fea64b899fe189bbbd/1.14%20Pre-Release%201.json",
  "assets": "1.14",
  "asset_index": "https://launchermeta.mojang.com/v1/packages/d6c94fad4f7a03a8e46083c023926515fc0e551e/1.14.json",
  "client": "https://launcher.mojang.com/v1/objects/eb144c0dbc03116c832cdd20d28a8a686327905a/client.jar",
  "client_mappings": null,
  "server": "https://launcher.mojang.com/v1/objects/6f27430bcd9b06d3dcb5d2966c75d5e491915c9c/server.jar",
  "server_mappings": null
}