{
  "id": "1.4",
  "type": "snapshot",
  "time": "2012-11-18T22:00:00+00:00",
  "releaseTime": "2012-11-18T22:00:00+00:00",
  "url": "https://piston-meta.mojang.com/v1/packages/070986801bc1d42eac872758cf12f00afa7b5f35/1.4.json",
  "assets": "pre-1.6",
  "asset_index": "https://launchermeta.mojang.com/v1/packages/4759bad2824e419da9db32861fcdc3a274336532/pre-1.6.json",
  "client": "https://launcher.mojang.com/v1/objects/2007097b53d3eb43b2c1f3f78caab4a4ef690c7a/client.jar",
  "client_mappings": null,
  "server": "https://launcher.mojang.com/v1/objects/9470a2bb0fcb8a426328441a01dba164fbbe52c9/server.jar",
  "server_mappings": null
}