{
    "__comment": "Fair warning, this format is highly likely to change even more in the future!",
    "variants": {
        "empty":          { "model": "flower_pot" },
        "rose":           { "model": "flower_pot_rose" },
        "orchid":         { "model": "flower_pot_orchid" },
        "allium":         { "model": "flower_pot_allium" },
        "houstonia":      { "model": "flower_pot_houstonia" },
        "tulip_red":      { "model": "flower_pot_tulip_red" },
        "tulip_orange":   { "model": "flower_pot_tulip_orange" },
        "tulip_white":    { "model": "flower_pot_tulip_white" },
        "tulip_pink":     { "model": "flower_pot_tulip_pink" },
        "daisy":          { "model": "flower_pot_daisy" },
        "dandelion":      { "model": "flower_pot_dandelion" },
        "oak":            { "model": "flower_pot_oak" },
        "spruce":         { "model": "flower_pot_spruce" },
        "birch":          { "model": "flower_pot_birch" },
        "jungle":         { "model": "flower_pot_jungle" },
        "acacia":         { "model": "flower_pot_acacia" },
        "dark_oak":       { "model": "flower_pot_dark_oak" },
        "mushroom_red":   { "model": "flower_pot_mushroom_red" },
        "mushroom_brown": { "model": "flower_pot_mushroom_brown" },
        "dead_bush":      { "model": "flower_pot_dead_bush" },
        "fern":           { "model": "flower_pot_fern" },
        "cactus":         { "model": "flower_pot_cactus" }
    }
}
