{
  "id": "1.16.4-rc1",
  "type": "snapshot",
  "time": "2020-10-27T16:31:08+00:00",
  "releaseTime": "2020-10-27T16:31:08+00:00",
  "url": "https://piston-meta.mojang.com/v1/packages/a3de339916d2035a33e82e830637635c5955ea83/1.16.4-rc1.json",
  "assets": "1.16",
  "asset_index": "https://launchermeta.mojang.com/v1/packages/28680197f74e5e1d55054f6a63509c8298d428f9/1.16.json",
  "client": "https://launcher.mojang.com/v1/objects/1fcf6ddd5ee925d19eadc4b7ef7278365979c7fd/client.jar",
  "client_mappings": "https://launcher.mojang.com/v1/objects/23a0bc36490545566a79ea5345f37283f61eeaa5/client.txt",
  "server": "https://launcher.mojang.com/v1/objects/daf2d997bd6b1725b6d59b48f533a6804d43db33/server.jar",
  "server_mappings": "https://launcher.mojang.com/v1/objects/0413b5c8bb13c62f81c1336c58c09e29d8b43cb6/server.txt"
}