{
  "id": "20w45a",
  "type": "snapshot",
  "time": "2020-11-04T16:42:00+00:00",
  "releaseTime": "2020-11-04T16:42:00+00:00",
  "url": "https://piston-meta.mojang.com/v1/packages/735442bfcaf18a7464f89e97e3c6399a8950dbd5/20w45a.json",
  "assets": "1.17",
  "asset_index": "https://launchermeta.mojang.com/v1/packages/778121f761dc8276a01d91120d54f33137b4c61b/1.17.json",
  "client": "https://launcher.mojang.com/v1/objects/cf2cd62dfc63fc1a79061a3964d82bf26e0fd208/client.jar",
  "client_mappings": "https://launcher.mojang.com/v1/objects/ce69af77a39c4e1802b1aebac2f86d867bd71c5c/client.txt",
  "server": "https://launcher.mojang.com/v1/objects/043ec38297d0ec58abd6f636bc92f5664a8ccecb/server.jar",
  "server_mappings": "https://launcher.mojang.com/v1/objects/e13520140ed6bdbe2ca05f59ce12700e9081a8cf/server.txt"
}