{
  "id": "1.13-pre5",
  "type": "snapshot",
  "time": "2018-06-28T13:58:53+00:00",
  "releaseTime": "2018-06-28T13:58:53+00:00",
  "url": "https://piston-meta.mojang.com/v1/packages/b4826d4299f4fbb009c1011a8730a86f3e0db01e/1.13-pre5.json",
  "assets": "1.13",
  "asset_index": "https://launchermeta.mojang.com/v1/packages/23981354446ddc141dcf03cc4bfa6b2a9492aa90/1.13.json",
  "client": "https://launcher.mojang.com/v1/objects/f3262055c586a075fc84f9d4bc76b3cf1a72d69c/client.jar",
  "client_mappings": null,
  "server": "https://launcher.mojang.com/v1/objects/6d9ede222df5726059aba1b01f99c328bc16f1a5/server.jar",
  "server_mappings": null
}