{
  "id": "1.14.2 Pre-Release 4",
  "type": "snapshot",
  "time": "2019-05-27T07:21:11+00:00",
  "releaseTime": "2019-05-27T07:21:11+00:00",
  "url": "https://piston-meta.mojang.com/v1/packages/2b6d0cd838d546f6082bd52f105d7627ae0794ec/1.14.2%20Pre-Release%204.json",
  "assets": "1.14",
  "asset_index": "https://launchermeta.mojang.com/v1/packages/d6c94fad4f7a03a8e46083c023926515fc0e551e/1.14.json",
  "client": "https://launcher.mojang.com/v1/objects/60783b7bab4125d55f187c859e4b41418ebc8719/client.jar",
  "client_mappings": null,
  "server": "https://launcher.mojang.com/v1/objects/6bba54ad86fccc45cc68ba410e738d3b331cdadd/server.jar",
  "server_mappings": null
}