{
  "id": "19w03b",
  "type": "snapshot",
  "time": "2019-01-17T16:43:27+00:00",
  "releaseTime": "2019-01-17T16:43:27+00:00",
  "url": "https://piston-meta.mojang.com/v1/packages/01ccb6e33dd283f70d713acbd353bf5091825397/19w03b.json",
  "assets": "1.14",
  "asset_index": "https://launchermeta.mojang.com/v1/packages/d6c94fad4f7a03a8e46083c023926515fc0e551e/1.14.json",
  "client": "https://launcher.mojang.com/v1/objects/c23a6e04cc6dc2c3a139d80d17e005599e2243eb/client.jar",
  "client_mappings": null,
  "server": "https://launcher.mojang.com/v1/objects/a3a358a7566debb17c5332fbc43eb8b84e000997/server.jar",
  "server_mappings": null
}