{
    "pools": [
        {
            "rolls": 10,
            "entries": [
                {
                    "type": "item",
                    "name": "minecraft:stick",
                    "weight": 10,
                    "functions": [
                        {
                            "function": "minecraft:set_count",
                            "count": {
                                "min": 1,
                                "max": 3
                            }
                        }
                    ]
                },
                {
                    "type": "item",
                    "name": "minecraft:planks",
                    "weight": 10,
                    "functions": [
                        {
                            "function": "minecraft:set_count",
                            "count": {
                                "min": 1,
                                "max": 3
                            }
                        },
                        {
                            "function": "minecraft:set_data",
                            "data": {
                                "min": 0,
                                "max": 5
                            }
                        }
                    ]
                },
                {
                    "type": "item",
                    "name": "minecraft:log",
                    "weight": 10,
                    "functions": [
                        {
                            "function": "minecraft:set_count",
                            "count": {
                                "min": 1,
                                "max": 3
                            }
                        },
                        {
                            "function": "minecraft:set_data",
                            "data": {
                                "min": 0,
                                "max": 3
                            }
                        }
                    ]
                },
                {
                    "type": "item",
                    "name": "minecraft:log2",
                    "weight": 10,
                    "functions": [
                        {
                            "function": "minecraft:set_count",
                            "count": {
                                "min": 1,
                                "max": 3
                            }
                        },
                        {
                            "function": "minecraft:set_data",
                            "data": {
                                "min": 0,
                                "max": 1
                            }
                        }
                    ]
                },
                {
                    "type": "item",
                    "name": "minecraft:stone_axe",
                    "weight": 3
                },
                {
                    "type": "item",
                    "name": "minecraft:wooden_axe",
                    "weight": 5
                },
                {
                    "type": "item",
                    "name": "minecraft:stone_pickaxe",
                    "weight": 3
                },
                {
                    "type": "item",
                    "name": "minecraft:wooden_pickaxe",
                    "weight": 5
                },
                {
                    "type": "item",
                    "name": "minecraft:apple",
                    "weight": 5,
                    "functions": [
                        {
                            "function": "minecraft:set_count",
                            "count": {
                                "min": 2,
                                "max": 3
                            }
                        }
                    ]
                },
                {
                    "type": "item",
                    "name": "minecraft:bread",
                    "weight": 3,
                    "functions": [
                        {
                            "function": "minecraft:set_count",
                            "count": {
                                "min": 2,
                                "max": 3
                            }
                        }
                    ]
                }
            ]
        }
    ]
}