{
  "id": "1.14.4-pre1",
  "type": "snapshot",
  "time": "2019-07-03T13:01:01+00:00",
  "releaseTime": "2019-07-03T13:01:01+00:00",
  "url": "https://piston-meta.mojang.com/v1/packages/dd23d80d9b2d4ecc2800541922f0b0ec4e6c89d3/1.14.4-pre1.json",
  "assets": "1.14",
  "asset_index": "https://launchermeta.mojang.com/v1/packages/d6c94fad4f7a03a8e46083c023926515fc0e551e/1.14.json",
  "client": "https://launcher.mojang.com/v1/objects/bcabf6e9e9664796bd97e01c54d1dbf27aa47c39/client.jar",
  "client_mappings": null,
  "server": "https://launcher.mojang.com/v1/objects/774c5619679673ec772b0f01f363d0145a9d6b51/server.jar",
  "server_mappings": null
}