{
  "id": "21w07a",
  "type": "snapshot",
  "time": "2021-02-17T16:35:40+00:00",
  "releaseTime": "2021-02-17T16:35:40+00:00",
  "url": "https://piston-meta.mojang.com/v1/packages/66f40ce49da9cee7bc69430a1bc57d74c3a7c87a/21w07a.json",
  "assets": "1.17",
  "asset_index": "https://launchermeta.mojang.com/v1/packages/778121f761dc8276a01d91120d54f33137b4c61b/1.17.json",
  "client": "https://launcher.mojang.com/v1/objects/e6886725265257d34b5e0d0661632c61800bded3/client.jar",
  "client_mappings": "https://launcher.mojang.com/v1/objects/bdcb712a65f1664ea4b2f28b2e88418817ead0d7/client.txt",
  "server": "https://launcher.mojang.com/v1/objects/99c3a9744719d0d401af63bb684cf1eb5231a75c/server.jar",
  "server_mappings": "https://launcher.mojang.com/v1/objects/66ebacdeccfdf8f6439f7a90234fc76e8ef5c5a6/server.txt"
}