{
  "id": "1.8.1-pre1",
  "type": "snapshot",
  "time": "2014-10-15T13:25:11+00:00",
  "releaseTime": "2014-10-15T13:25:11+00:00",
  "url": "https://piston-meta.mojang.com/v1/packages/f470d54d32f9e1d1a02e4e84e33b2407325ab62d/1.8.1-pre1.json",
  "assets": "1.8",
  "asset_index": "https://launchermeta.mojang.com/v1/packages/f6ad102bcaa53b1a58358f16e376d548d44933ec/1.8.json",
  "client": "https://launcher.mojang.com/v1/objects/650ed5ac903ef19ca76f0f46d6b6486880488802/client.jar",
  "client_mappings": null,
  "server": "https://launcher.mojang.com/v1/objects/dae8203bc40eb43e15e6e9ed454404f330c591f2/server.jar",
  "server_mappings": null
}