{
  "id": "1.15-pre4",
  "type": "snapshot",
  "time": "2019-12-03T12:24:24+00:00",
  "releaseTime": "2019-12-03T12:24:24+00:00",
  "url": "https://piston-meta.mojang.com/v1/packages/a2c68e78c6887d91af86cbe51bda9902565c36b5/1.15-pre4.json",
  "assets": "1.15",
  "asset_index": "https://launchermeta.mojang.com/v1/packages/3b41ad81220d2f21ff5b343629de725047dac13d/1.15.json",
  "client": "https://launcher.mojang.com/v1/objects/6868a5c87243707f7936c21a4e52d076e3d73234/client.jar",
  "client_mappings": "https://launcher.mojang.com/v1/objects/07a4257ccae96f0740a586f3652dfc5ffc0d5743/client.txt",
  "server": "https://launcher.mojang.com/v1/objects/8f9e23414a01d21e2cd313b2595b164ccfda56aa/server.jar",
  "server_mappings": "https://launcher.mojang.com/v1/objects/35c640792a7f5618142e687cd8be41546c280acd/server.txt"
}