{
  "id": "13w16b",
  "type": "snapshot",
  "time": "2013-04-23T21:51:22+00:00",
  "releaseTime": "2013-04-23T21:51:22+00:00",
  "url": "https://piston-meta.mojang.com/v1/packages/b2c1241c6ca9d119a9f2df431cdf18a56f883d0d/13w16b.json",
  "assets": "pre-1.6",
  "asset_index": "https://launchermeta.mojang.com/v1/packages/4759bad2824e419da9db32861fcdc3a274336532/pre-1.6.json",
  "client": "https://launcher.mojang.com/v1/objects/17bdf9c566c9ce6726122eb3866581e4bbfa8e16/client.jar",
  "client_mappings": null,
  "server": "https://launcher.mojang.com/v1/objects/c125111764b5774403ff2183debbb9da4805a64f/server.jar",
  "server_mappings": null
}