{
  "id": "13w25c",
  "type": "snapshot",
  "time": "2013-06-20T15:23:37+00:00",
  "releaseTime": "2013-06-20T15:23:37+00:00",
  "url": "https://piston-meta.mojang.com/v1/packages/934788bc580ef0a19725ee5bd31f02a0b866e0bf/13w25c.json",
  "assets": "legacy",
  "asset_index": "https://launchermeta.mojang.com/v1/packages/770572e819335b6c0a053f8378ad88eda189fc14/legacy.json",
  "client": "https://launcher.mojang.com/v1/objects/f0f3a912f7a929cc21b6340c5e552ed28f90fa94/client.jar",
  "client_mappings": null,
  "server": "https://launcher.mojang.com/v1/objects/0f21dbd39728a50843d1b20cf832f26aaada353d/server.jar",
  "server_mappings": null
}