{
  "id": "18w07b",
  "type": "snapshot",
  "time": "2018-02-15T14:28:42+00:00",
  "releaseTime": "2018-02-15T14:28:42+00:00",
  "url": "https://piston-meta.mojang.com/v1/packages/81c57cbe71987fc549c198ca0bd967a27b709068/18w07b.json",
  "assets": "1.13",
  "asset_index": "https://launchermeta.mojang.com/v1/packages/23981354446ddc141dcf03cc4bfa6b2a9492aa90/1.13.json",
  "client": "https://launcher.mojang.com/v1/objects/e1aeafe25aa454e35e53bd489523bed51aa5e826/client.jar",
  "client_mappings": null,
  "server": "https://launcher.mojang.com/v1/objects/669811c0df3fedef8a15f1b31c96df966b9aee79/server.jar",
  "server_mappings": null
}