{
  "id": "1.8.3",
  "type": "release",
  "time": "2015-02-20T14:00:09+00:00",
  "releaseTime": "2015-02-20T14:00:09+00:00",
  "url": "https://piston-meta.mojang.com/v1/packages/413ad8fdcf8f29f4f1c2b4425aa0dade00f75dd4/1.8.3.json",
  "assets": "1.8",
  "asset_index": "https://launchermeta.mojang.com/v1/packages/f6ad102bcaa53b1a58358f16e376d548d44933ec/1.8.json",
  "client": "https://launcher.mojang.com/v1/objects/69d14463ddc22e581bc66c66ef5eb72a8b452c46/client.jar",
  "client_mappings": null,
  "server": "https://launcher.mojang.com/v1/objects/163ba351cb86f6390450bb2a67fafeb92b6c0f2f/server.jar",
  "server_mappings": null
}