{
  "id": "18w07a",
  "type": "snapshot",
  "time": "2018-02-14T17:34:13+00:00",
  "releaseTime": "2018-02-14T17:34:13+00:00",
  "url": "https://piston-meta.mojang.com/v1/packages/11ed6f837b5a7ae96852adcde599d02490f541b2/18w07a.json",
  "assets": "1.13",
  "asset_index": "https://launchermeta.mojang.com/v1/packages/23981354446ddc141dcf03cc4bfa6b2a9492aa90/1.13.json",
  "client": "https://launcher.mojang.com/v1/objects/fa2960642589fc7bd3e14049ffe7d84a4d2bac1d/client.jar",
  "client_mappings": null,
  "server": "https://launcher.mojang.com/v1/objects/e90255faadbb7f009fa38a507f62f751dcc56c9b/server.jar",
  "server_mappings": null
}