{
  "id": "15w33b",
  "type": "snapshot",
  "time": "2015-08-12T15:29:11+00:00",
  "releaseTime": "2015-08-12T15:29:11+00:00",
  "url": "https://piston-meta.mojang.com/v1/packages/c108562e1ee548ba05439441e97fdcb0b01d1194/15w33b.json",
  "assets": "1.8",
  "asset_index": "https://launchermeta.mojang.com/v1/packages/f6ad102bcaa53b1a58358f16e376d548d44933ec/1.8.json",
  "client": "https://launcher.mojang.com/v1/objects/502082050bf59e72332afe508f8c19b379173551/client.jar",
  "client_mappings": null,
  "server": "https://launcher.mojang.com/v1/objects/991c628d7c3ea224d90539297d8c2e9127b2489f/server.jar",
  "server_mappings": null
}