{
  "id": "15w37a",
  "type": "snapshot",
  "time": "2015-09-10T14:22:31+00:00",
  "releaseTime": "2015-09-10T14:22:31+00:00",
  "url": "https://piston-meta.mojang.com/v1/packages/9459c8c56ba4577b69cc12a9034769f0d20fb3dc/15w37a.json",
  "assets": "1.8",
  "asset_index": "https://launchermeta.mojang.com/v1/packages/f6ad102bcaa53b1a58358f16e376d548d44933ec/1.8.json",
  "client": "https://launcher.mojang.com/v1/objects/0480d8e610a57fe18c78cb40eb76be50469accee/client.jar",
  "client_mappings": null,
  "server": "https://launcher.mojang.com/v1/objects/0f29d64f94ccc40d01ebc1ddd0c506edca7b5dfb/server.jar",
  "server_mappings": null
}