{
  "id": "1.9-pre3",
  "type": "snapshot",
  "time": "2016-02-24T15:52:36+00:00",
  "releaseTime": "2016-02-24T15:52:36+00:00",
  "url": "https://piston-meta.mojang.com/v1/packages/9123315c9933002d2524e5cbb7300b49845a164c/1.9-pre3.json",
  "assets": "1.9",
  "asset_index": "https://launchermeta.mojang.com/v1/packages/06cc9a2c5ce504dc712ea2f699e4d645c48416dd/1.9.json",
  "client": "https://launcher.mojang.com/v1/objects/81b626ebd0efa06f07b3f0dec1af34989ab61fd0/client.jar",
  "client_mappings": null,
  "server": "https://launcher.mojang.com/v1/objects/db995628b109fd83953ffadb749c2432fac70d9e/server.jar",
  "server_mappings": null
}