{
  "id": "18w21a",
  "type": "snapshot",
  "time": "2018-05-23T13:11:49+00:00",
  "releaseTime": "2018-05-23T13:11:49+00:00",
  "url": "https://piston-meta.mojang.com/v1/packages/a61dfb8bf507cd530787fe4ad9cd2b14063cc4dc/18w21a.json",
  "assets": "1.13",
  "asset_index": "https://launchermeta.mojang.com/v1/packages/23981354446ddc141dcf03cc4bfa6b2a9492aa90/1.13.json",
  "client": "https://launcher.mojang.com/v1/objects/9b1d1486518585537a0d9e608dd27e3946880d48/client.jar",
  "client_mappings": null,
  "server": "https://launcher.mojang.com/v1/objects/2022a23da58dc55371b6a182fb1ba59742dc66a2/server.jar",
  "server_mappings": null
}