{
  "id": "1.12.2-pre2",
  "type": "snapshot",
  "time": "2017-09-15T08:21:17+00:00",
  "releaseTime": "2017-09-15T08:21:17+00:00",
  "url": "https://piston-meta.mojang.com/v1/packages/d0ab3dcd73f99e058fceef93780bcfb5dceb67e7/1.12.2-pre2.json",
  "assets": "1.12",
  "asset_index": "https://launchermeta.mojang.com/v1/packages/1584b57c1a0b5e593fad1f5b8f78536ca640547b/1.12.json",
  "client": "https://launcher.mojang.com/v1/objects/404877dbb91887a2b481972912f82e98c55cdea7/client.jar",
  "client_mappings": null,
  "server": "https://launcher.mojang.com/v1/objects/641adfb6a646fe12f1fb2715ed4e3167c7ff2f2b/server.jar",
  "server_mappings": null
}