{
  "id": "15w39a",
  "type": "snapshot",
  "time": "2015-09-21T13:16:32+00:00",
  "releaseTime": "2015-09-21T13:16:32+00:00",
  "url": "https://piston-meta.mojang.com/v1/packages/7f914aa1098b8b35e20e9c021b57378d0a8fcc6c/15w39a.json",
  "assets": "1.8",
  "asset_index": "https://launchermeta.mojang.com/v1/packages/f6ad102bcaa53b1a58358f16e376d548d44933ec/1.8.json",
  "client": "https://launcher.mojang.com/v1/objects/5a26b65ccea3c436a56673e3d59ddd1bc901a827/client.jar",
  "client_mappings": null,
  "server": "https://launcher.mojang.com/v1/objects/871b86fac1a4d71642166e0deba2a4b85780d82a/server.jar",
  "server_mappings": null
}