{
    "__comment": "Fair warning, this format is highly likely to change even more in the future!",
    "elements": [
        {   "type": "cube",
            "from": [ 5, 0, 6 ],
            "to": [ 11, 1, 10 ],
            "faceData": [
                {
                    "uv": [ 5, 6, 11, 10 ],
                    "textureFacing": "down",
                    "cull": false
                },
                {
                    "uv": [ 5, 10, 11, 6 ],
                    "textureFacing": "up",
                    "cull": false
                },
                {
                    "uv": [ 5, 15, 11, 16 ],
                    "textureFacing": "north",
                    "cull": false
                },
                {
                    "uv": [ 5, 15, 11, 16 ],
                    "textureFacing": "south",
                    "cull": false
                },
                {
                    "uv": [ 6, 15, 10, 16 ],
                    "textureFacing": "west",
                    "cull": false
                },
                {
                    "uv": [ 6, 15, 10, 16 ],
                    "textureFacing": "east",
                    "cull": false
                }
            ]
        }
    ]
}
