{
  "id": "1.12.2-pre1",
  "type": "snapshot",
  "time": "2017-09-13T13:33:31+00:00",
  "releaseTime": "2017-09-13T13:33:31+00:00",
  "url": "https://piston-meta.mojang.com/v1/packages/3aecfd3a13247d6541ee20478b4b91469f4bfc06/1.12.2-pre1.json",
  "assets": "1.12",
  "asset_index": "https://launchermeta.mojang.com/v1/packages/1584b57c1a0b5e593fad1f5b8f78536ca640547b/1.12.json",
  "client": "https://launcher.mojang.com/v1/objects/97d35764e0cd59b163c765d422a8d7af919bb705/client.jar",
  "client_mappings": null,
  "server": "https://launcher.mojang.com/v1/objects/b81c81335e68731d66ccddc21df0c06d7b9b46ab/server.jar",
  "server_mappings": null
}