{
  "id": "19w14b",
  "type": "snapshot",
  "time": "2019-04-05T10:33:58+00:00",
  "releaseTime": "2019-04-05T10:33:58+00:00",
  "url": "https://piston-meta.mojang.com/v1/packages/1f797b0d05b5dec63940d5fcf090fc7e55d30e01/19w14b.json",
  "assets": "1.14",
  "asset_index": "https://launchermeta.mojang.com/v1/packages/d6c94fad4f7a03a8e46083c023926515fc0e551e/1.14.json",
  "client": "https://launcher.mojang.com/v1/objects/a008dc3c45cb4f120ae5e0f124d5af2de1bafed5/client.jar",
  "client_mappings": null,
  "server": "https://launcher.mojang.com/v1/objects/719781c28dbcf7d0576e81fe5e77d75c1f18117f/server.jar",
  "server_mappings": null
}