{
  "id": "19w08a",
  "type": "snapshot",
  "time": "2019-02-20T14:56:58+00:00",
  "releaseTime": "2019-02-20T14:56:58+00:00",
  "url": "https://piston-meta.mojang.com/v1/packages/8ecab11a8dd85b1876eadef14320805c86fdbd0e/19w08a.json",
  "assets": "1.14",
  "asset_index": "https://launchermeta.mojang.com/v1/packages/d6c94fad4f7a03a8e46083c023926515fc0e551e/1.14.json",
  "client": "https://launcher.mojang.com/v1/objects/8107282674163f5bb025548fef3ec26d6c5cd6ba/client.jar",
  "client_mappings": null,
  "server": "https://launcher.mojang.com/v1/objects/f337f8dfb765f152388d5038a6e0e8830782e5ed/server.jar",
  "server_mappings": null
}