{
  "id": "15w47c",
  "type": "snapshot",
  "time": "2015-11-20T12:46:56+00:00",
  "releaseTime": "2015-11-20T12:46:56+00:00",
  "url": "https://piston-meta.mojang.com/v1/packages/aa59e973582a88e9437238aabec2a13b27a343ec/15w47c.json",
  "assets": "1.9",
  "asset_index": "https://launchermeta.mojang.com/v1/packages/06cc9a2c5ce504dc712ea2f699e4d645c48416dd/1.9.json",
  "client": "https://launcher.mojang.com/v1/objects/4fa6325dbcf710d3dbfd707acd4a541b9c30638d/client.jar",
  "client_mappings": null,
  "server": "https://launcher.mojang.com/v1/objects/9ec245a239150ccb0f8cdae430d25ed04899bb51/server.jar",
  "server_mappings": null
}