{
  "id": "1.RV-Pre1",
  "type": "snapshot",
  "time": "2016-03-31T16:18:53+00:00",
  "releaseTime": "2016-03-31T16:18:53+00:00",
  "url": "https://piston-meta.mojang.com/v1/packages/268a225c8dbf8a2e6e17f1c2ac36192f046cd371/1.RV-Pre1.json",
  "assets": "1.9-aprilfools",
  "asset_index": "https://launchermeta.mojang.com/v1/packages/68b0bc046b18d89a859e534271d3b0a8b040fe04/1.9-aprilfools.json",
  "client": "https://launcher.mojang.com/v1/objects/3843fae71dd283e68897ead618255fa1ddcf4c8d/client.jar",
  "client_mappings": null,
  "server": "https://launcher.mojang.com/v1/objects/f51d9489706f603be6be9716407f1dab5f7f2733/server.jar",
  "server_mappings": null
}