{
  "id": "18w48b",
  "type": "snapshot",
  "time": "2018-11-30T10:37:31+00:00",
  "releaseTime": "2018-11-30T10:37:31+00:00",
  "url": "https://piston-meta.mojang.com/v1/packages/bd00e4cf9d834b8176770d66805ce429f5bd7317/18w48b.json",
  "assets": "1.14",
  "asset_index": "https://launchermeta.mojang.com/v1/packages/d6c94fad4f7a03a8e46083c023926515fc0e551e/1.14.json",
  "client": "https://launcher.mojang.com/v1/objects/4b1dc59156a888b2e20bbcbfdd5704fb4e7f6789/client.jar",
  "client_mappings": null,
  "server": "https://launcher.mojang.com/v1/objects/cfa41132beeb877a093e044aba591d9dae236c38/server.jar",
  "server_mappings": null
}