{
  "id": "1.8.1-pre3",
  "type": "snapshot",
  "time": "2014-10-23T12:59:42+00:00",
  "releaseTime": "2014-10-23T12:59:42+00:00",
  "url": "https://piston-meta.mojang.com/v1/packages/c2f5fb57bf63012594b3dc34a80a8d888ec017ac/1.8.1-pre3.json",
  "assets": "1.8",
  "asset_index": "https://launchermeta.mojang.com/v1/packages/f6ad102bcaa53b1a58358f16e376d548d44933ec/1.8.json",
  "client": "https://launcher.mojang.com/v1/objects/022134c463c189cac436a2381cf8be41dd2071fa/client.jar",
  "client_mappings": null,
  "server": "https://launcher.mojang.com/v1/objects/22440c0335d95efb7d52d9c844108aa2c69da179/server.jar",
  "server_mappings": null
}