{
  "id": "1.8.1-pre5",
  "type": "snapshot",
  "time": "2014-11-19T14:30:48+00:00",
  "releaseTime": "2014-11-19T14:30:48+00:00",
  "url": "https://piston-meta.mojang.com/v1/packages/4460bbf278fef1312f03c1483599c31149fe85a7/1.8.1-pre5.json",
  "assets": "1.8",
  "asset_index": "https://launchermeta.mojang.com/v1/packages/f6ad102bcaa53b1a58358f16e376d548d44933ec/1.8.json",
  "client": "https://launcher.mojang.com/v1/objects/927b71686a743a5907c9875ffdcfd8ed156273d9/client.jar",
  "client_mappings": null,
  "server": "https://launcher.mojang.com/v1/objects/a25350da18085ab12f01ba56ab03c562cc722a40/server.jar",
  "server_mappings": null
}