{
    "display": {
        "icon": {
            "item": "minecraft:skull",
            "data": 1
        },
        "title": "Spooky Scary Skeleton",
        "description": "Obtain a wither skeleton's skull"
    },
    "parent": "minecraft:nether/find_fortress",
    "criteria": {
        "wither_skull": {
            "trigger": "minecraft:inventory_changed",
            "conditions": {
                "items": [
                    {
                        "item": "minecraft:blaze_rod"
                    }
                ]
            }
        }
    }
}