{
  "id": "18w02a",
  "type": "snapshot",
  "time": "2018-01-10T11:54:55+00:00",
  "releaseTime": "2018-01-10T11:54:55+00:00",
  "url": "https://piston-meta.mojang.com/v1/packages/5f3ca530535f41f4545ea42bf674bcff12d368d4/18w02a.json",
  "assets": "1.13",
  "asset_index": "https://launchermeta.mojang.com/v1/packages/23981354446ddc141dcf03cc4bfa6b2a9492aa90/1.13.json",
  "client": "https://launcher.mojang.com/v1/objects/05932046cbefd34e42ba21530b96986435163bda/client.jar",
  "client_mappings": null,
  "server": "https://launcher.mojang.com/v1/objects/950b737e9cefc9f91f286190166f062d6b0e0105/server.jar",
  "server_mappings": null
}