{
    "pools": [
        {
            "rolls": 8,
            "items": [
                {
                    "item": "minecraft:saddle",
                    "weight": 10
                },
                {
                    "item": "minecraft:iron_ingot",
                    "weight": 10,
                    "functions": [
                        {
                            "function": "set_count",
                            "count": {
                                "min": 1,
                                "max": 4
                            }
                        }
                    ]
                },
                {
                    "item": "minecraft:bread",
                    "weight": 10
                },
                {
                    "item": "minecraft:wheat",
                    "weight": 10,
                    "functions": [
                        {
                            "function": "set_count",
                            "count": {
                                "min": 1,
                                "max": 4
                            }
                        }
                    ]
                },
                {
                    "item": "minecraft:gunpowder",
                    "weight": 10,
                    "functions": [
                        {
                            "function": "set_count",
                            "count": {
                                "min": 1,
                                "max": 4
                            }
                        }
                    ]
                },
                {
                    "item": "minecraft:string",
                    "weight": 10,
                    "functions": [
                        {
                            "function": "set_count",
                            "count": {
                                "min": 1,
                                "max": 4
                            }
                        }
                    ]
                },
                {
                    "item": "minecraft:bucket",
                    "weight": 10
                },
                {
                    "item": "minecraft:golden_apple",
                    "weight": 1
                },
                {
                    "item": "minecraft:redstone",
                    "weight": 10,
                    "functions": [
                        {
                            "function": "set_count",
                            "count": {
                                "min": 1,
                                "max": 4
                            }
                        }
                    ]
                },
                {
                    "item": "minecraft:record_13",
                    "weight": 4
                },
                {
                    "item": "minecraft:record_cat",
                    "weight": 4
                },
                {
                    "item": "minecraft:name_tag",
                    "weight": 10
                },
                {
                    "item": "minecraft:golden_horse_armor",
                    "weight": 2
                },
                {
                    "item": "minecraft:iron_horse_armor",
                    "weight": 5
                },
                {
                    "item": "minecraft:diamond_horse_armor",
                    "weight": 1
                },
                {
                    "item": "minecraft:book",
                    "weight": 1,
                    "functions": [
                        {
                            "function": "enchant_with_levels",
                            "levels": 30,
                            "treasure": true
                        }
                    ]
                }
            ]
        }
    ]
}