{
    "__comment": "Fair warning, this format is highly likely to change even more in the future!",
    "variants": {
        "floor": { "model": "fire_floor_main" },
        "u1": { "model": "fire_u1_main" },
        "u2": { "model": "fire_u2_main" },
        "s": { "model": "fire_n_main", "y": 180 },
        "w": { "model": "fire_n_main", "y": 270 },
        "n": { "model": "fire_n_main" },
        "e": { "model": "fire_n_main", "y": 90 },
        "en": { "model": "fire_ne_main" },
        "es": { "model": "fire_ne_main", "y": 90 },
        "ws": { "model": "fire_ne_main", "y": 180 },
        "nw": { "model": "fire_ne_main", "y": 270 },
        "ns": { "model": "fire_ns_main" },
        "ew": { "model": "fire_ns_main", "y": 90 },
        "ens": { "model": "fire_nse_main" },
        "ews": { "model": "fire_nse_main", "y": 90 },
        "nws": { "model": "fire_nse_main", "y": 180 },
        "enw": { "model": "fire_nse_main", "y": 270 },
        "enws": { "model": "fire_nsew_main" },
        "u1s": { "model": "fire_nu1_main", "y": 180 },
        "u1w": { "model": "fire_nu1_main", "y": 270 },
        "u1n": { "model": "fire_nu1_main" },
        "u1e": { "model": "fire_nu1_main", "y": 90 },
        "u1en": { "model": "fire_neu1_main" },
        "u1es": { "model": "fire_neu1_main", "y": 90 },
        "u1ws": { "model": "fire_neu1_main", "y": 180 },
        "u1nw": { "model": "fire_neu1_main", "y": 270 },
        "u1ns": { "model": "fire_nsu1_main" },
        "u1ew": { "model": "fire_nsu1_main", "y": 90 },
        "u1ens": { "model": "fire_nseu1_main" },
        "u1ews": { "model": "fire_nseu1_main", "y": 90 },
        "u1nws": { "model": "fire_nseu1_main", "y": 180 },
        "u1enw": { "model": "fire_nseu1_main", "y": 270 },
        "u1enws": { "model": "fire_nsewu1_main" },
        "u2s": { "model": "fire_nu2_main", "y": 180 },
        "u2w": { "model": "fire_nu2_main", "y": 270 },
        "u2n": { "model": "fire_nu2_main" },
        "u2e": { "model": "fire_nu2_main", "y": 90 },
        "u2en": { "model": "fire_neu2_main" },
        "u2es": { "model": "fire_neu2_main", "y": 90 },
        "u2ws": { "model": "fire_neu2_main", "y": 180 },
        "u2nw": { "model": "fire_neu2_main", "y": 270 },
        "u2ns": { "model": "fire_nsu2_main" },
        "u2ew": { "model": "fire_nsu2_main", "y": 90 },
        "u2ens": { "model": "fire_nseu2_main" },
        "u2ews": { "model": "fire_nseu2_main", "y": 90 },
        "u2nws": { "model": "fire_nseu2_main", "y": 180 },
        "u2enw": { "model": "fire_nseu2_main", "y": 270 },
        "u2enws": { "model": "fire_nsewu2_main" },
        "s_alt": { "model": "fire_n_alt", "y": 180 },
        "w_alt": { "model": "fire_n_alt", "y": 270 },
        "n_alt": { "model": "fire_n_alt" },
        "e_alt": { "model": "fire_n_alt", "y": 90 },
        "en_alt": { "model": "fire_ne_alt" },
        "es_alt": { "model": "fire_ne_alt", "y": 90 },
        "ws_alt": { "model": "fire_ne_alt", "y": 180 },
        "nw_alt": { "model": "fire_ne_alt", "y": 270 },
        "ns_alt": { "model": "fire_ns_alt" },
        "ew_alt": { "model": "fire_ns_alt", "y": 90 },
        "ens_alt": { "model": "fire_nse_alt" },
        "ews_alt": { "model": "fire_nse_alt", "y": 90 },
        "nws_alt": { "model": "fire_nse_alt", "y": 180 },
        "enw_alt": { "model": "fire_nse_alt", "y": 270 },
        "enws_alt": { "model": "fire_nsew_alt" },
        "u1s_alt": { "model": "fire_nu1_alt", "y": 180 },
        "u1w_alt": { "model": "fire_nu1_alt", "y": 270 },
        "u1n_alt": { "model": "fire_nu1_alt" },
        "u1e_alt": { "model": "fire_nu1_alt", "y": 90 },
        "u1en_alt": { "model": "fire_neu1_alt" },
        "u1es_alt": { "model": "fire_neu1_alt", "y": 90 },
        "u1ws_alt": { "model": "fire_neu1_alt", "y": 180 },
        "u1nw_alt": { "model": "fire_neu1_alt", "y": 270 },
        "u1ns_alt": { "model": "fire_nsu1_alt" },
        "u1ew_alt": { "model": "fire_nsu1_alt", "y": 90 },
        "u1ens_alt": { "model": "fire_nseu1_alt" },
        "u1ews_alt": { "model": "fire_nseu1_alt", "y": 90 },
        "u1nws_alt": { "model": "fire_nseu1_alt", "y": 180 },
        "u1enw_alt": { "model": "fire_nseu1_alt", "y": 270 },
        "u1enws_alt": { "model": "fire_nsewu1_alt" },
        "u2s_alt": { "model": "fire_nu2_alt", "y": 180 },
        "u2w_alt": { "model": "fire_nu2_alt", "y": 270 },
        "u2n_alt": { "model": "fire_nu2_alt" },
        "u2e_alt": { "model": "fire_nu2_alt", "y": 90 },
        "u2en_alt": { "model": "fire_neu2_alt" },
        "u2es_alt": { "model": "fire_neu2_alt", "y": 90 },
        "u2ws_alt": { "model": "fire_neu2_alt", "y": 180 },
        "u2nw_alt": { "model": "fire_neu2_alt", "y": 270 },
        "u2ns_alt": { "model": "fire_nsu2_alt" },
        "u2ew_alt": { "model": "fire_nsu2_alt", "y": 90 },
        "u2ens_alt": { "model": "fire_nseu2_alt" },
        "u2ews_alt": { "model": "fire_nseu2_alt", "y": 90 },
        "u2nws_alt": { "model": "fire_nseu2_alt", "y": 180 },
        "u2enw_alt": { "model": "fire_nseu2_alt", "y": 270 },
        "u2enws_alt": { "model": "fire_nsewu2_alt" },
        "s_flip": { "model": "fire_n_flip_main", "y": 180 },
        "w_flip": { "model": "fire_n_flip_main", "y": 270 },
        "n_flip": { "model": "fire_n_flip_main" },
        "e_flip": { "model": "fire_n_flip_main", "y": 90 },
        "en_flip": { "model": "fire_ne_flip_main" },
        "es_flip": { "model": "fire_ne_flip_main", "y": 90 },
        "ws_flip": { "model": "fire_ne_flip_main", "y": 180 },
        "nw_flip": { "model": "fire_ne_flip_main", "y": 270 },
        "ns_flip": { "model": "fire_ns_flip_main" },
        "ew_flip": { "model": "fire_ns_flip_main", "y": 90 },
        "ens_flip": { "model": "fire_nse_flip_main" },
        "ews_flip": { "model": "fire_nse_flip_main", "y": 90 },
        "nws_flip": { "model": "fire_nse_flip_main", "y": 180 },
        "enw_flip": { "model": "fire_nse_flip_main", "y": 270 },
        "enws_flip": { "model": "fire_nsew_flip_main" },
        "u1s_flip": { "model": "fire_nu1_flip_main", "y": 180 },
        "u1w_flip": { "model": "fire_nu1_flip_main", "y": 270 },
        "u1n_flip": { "model": "fire_nu1_flip_main" },
        "u1e_flip": { "model": "fire_nu1_flip_main", "y": 90 },
        "u1en_flip": { "model": "fire_neu1_flip_main" },
        "u1es_flip": { "model": "fire_neu1_flip_main", "y": 90 },
        "u1ws_flip": { "model": "fire_neu1_flip_main", "y": 180 },
        "u1nw_flip": { "model": "fire_neu1_flip_main", "y": 270 },
        "u1ns_flip": { "model": "fire_nsu1_flip_main" },
        "u1ew_flip": { "model": "fire_nsu1_flip_main", "y": 90 },
        "u1ens_flip": { "model": "fire_nseu1_flip_main" },
        "u1ews_flip": { "model": "fire_nseu1_flip_main", "y": 90 },
        "u1nws_flip": { "model": "fire_nseu1_flip_main", "y": 180 },
        "u1enw_flip": { "model": "fire_nseu1_flip_main", "y": 270 },
        "u1enws_flip": { "model": "fire_nsewu1_flip_main" },
        "u2s_flip": { "model": "fire_nu2_flip_main", "y": 180 },
        "u2w_flip": { "model": "fire_nu2_flip_main", "y": 270 },
        "u2n_flip": { "model": "fire_nu2_flip_main" },
        "u2e_flip": { "model": "fire_nu2_flip_main", "y": 90 },
        "u2en_flip": { "model": "fire_neu2_flip_main" },
        "u2es_flip": { "model": "fire_neu2_flip_main", "y": 90 },
        "u2ws_flip": { "model": "fire_neu2_flip_main", "y": 180 },
        "u2nw_flip": { "model": "fire_neu2_flip_main", "y": 270 },
        "u2ns_flip": { "model": "fire_nsu2_flip_main" },
        "u2ew_flip": { "model": "fire_nsu2_flip_main", "y": 90 },
        "u2ens_flip": { "model": "fire_nseu2_flip_main" },
        "u2ews_flip": { "model": "fire_nseu2_flip_main", "y": 90 },
        "u2nws_flip": { "model": "fire_nseu2_flip_main", "y": 180 },
        "u2enw_flip": { "model": "fire_nseu2_flip_main", "y": 270 },
        "u2enws_flip": { "model": "fire_nsewu2_flip_main" },
        "s_alt_flip": { "model": "fire_n_alt_flip", "y": 180 },
        "w_alt_flip": { "model": "fire_n_alt_flip", "y": 270 },
        "n_alt_flip": { "model": "fire_n_alt_flip" },
        "e_alt_flip": { "model": "fire_n_alt_flip", "y": 90 },
        "en_alt_flip": { "model": "fire_ne_alt_flip" },
        "es_alt_flip": { "model": "fire_ne_alt_flip", "y": 90 },
        "ws_alt_flip": { "model": "fire_ne_alt_flip", "y": 180 },
        "nw_alt_flip": { "model": "fire_ne_alt_flip", "y": 270 },
        "ns_alt_flip": { "model": "fire_ns_alt_flip" },
        "ew_alt_flip": { "model": "fire_ns_alt_flip", "y": 90 },
        "ens_alt_flip": { "model": "fire_nse_alt_flip" },
        "ews_alt_flip": { "model": "fire_nse_alt_flip", "y": 90 },
        "nws_alt_flip": { "model": "fire_nse_alt_flip", "y": 180 },
        "enw_alt_flip": { "model": "fire_nse_alt_flip", "y": 270 },
        "enws_alt_flip": { "model": "fire_nsew_alt_flip" },
        "u1s_alt_flip": { "model": "fire_nu1_alt_flip", "y": 180 },
        "u1w_alt_flip": { "model": "fire_nu1_alt_flip", "y": 270 },
        "u1n_alt_flip": { "model": "fire_nu1_alt_flip" },
        "u1e_alt_flip": { "model": "fire_nu1_alt_flip", "y": 90 },
        "u1en_alt_flip": { "model": "fire_neu1_alt_flip" },
        "u1es_alt_flip": { "model": "fire_neu1_alt_flip", "y": 90 },
        "u1ws_alt_flip": { "model": "fire_neu1_alt_flip", "y": 180 },
        "u1nw_alt_flip": { "model": "fire_neu1_alt_flip", "y": 270 },
        "u1ns_alt_flip": { "model": "fire_nsu1_alt_flip" },
        "u1ew_alt_flip": { "model": "fire_nsu1_alt_flip", "y": 90 },
        "u1ens_alt_flip": { "model": "fire_nseu1_alt_flip" },
        "u1ews_alt_flip": { "model": "fire_nseu1_alt_flip", "y": 90 },
        "u1nws_alt_flip": { "model": "fire_nseu1_alt_flip", "y": 180 },
        "u1enw_alt_flip": { "model": "fire_nseu1_alt_flip", "y": 270 },
        "u1enws_alt_flip": { "model": "fire_nsewu1_alt_flip" },
        "u2s_alt_flip": { "model": "fire_nu2_alt_flip", "y": 180 },
        "u2w_alt_flip": { "model": "fire_nu2_alt_flip", "y": 270 },
        "u2n_alt_flip": { "model": "fire_nu2_alt_flip" },
        "u2e_alt_flip": { "model": "fire_nu2_alt_flip", "y": 90 },
        "u2en_alt_flip": { "model": "fire_neu2_alt_flip" },
        "u2es_alt_flip": { "model": "fire_neu2_alt_flip", "y": 90 },
        "u2ws_alt_flip": { "model": "fire_neu2_alt_flip", "y": 180 },
        "u2nw_alt_flip": { "model": "fire_neu2_alt_flip", "y": 270 },
        "u2ns_alt_flip": { "model": "fire_nsu2_alt_flip" },
        "u2ew_alt_flip": { "model": "fire_nsu2_alt_flip", "y": 90 },
        "u2ens_alt_flip": { "model": "fire_nseu2_alt_flip" },
        "u2ews_alt_flip": { "model": "fire_nseu2_alt_flip", "y": 90 },
        "u2nws_alt_flip": { "model": "fire_nseu2_alt_flip", "y": 180 },
        "u2enw_alt_flip": { "model": "fire_nseu2_alt_flip", "y": 270 },
        "u2enws_alt_flip": { "model": "fire_nsewu2_alt_flip" }
    }
}
