{
    "__comment": "Fair warning, this format is highly likely to change even more in the future!",
    "variants": {
        "none": { "model": "tripwire_ns" },
        "n":    { "model": "tripwire_n" },
        "s":    { "model": "tripwire_n", "y": 180 },
        "e":    { "model": "tripwire_n", "y": 90 },
        "w":    { "model": "tripwire_n", "y": 270 },
        "ne":   { "model": "tripwire_ne" },
        "se":   { "model": "tripwire_ne", "y": 90 },
        "sw":   { "model": "tripwire_ne", "y": 180 },
        "nw":   { "model": "tripwire_ne", "y": 270 },
        "ns":   { "model": "tripwire_ns" },
        "ew":   { "model": "tripwire_ns", "y": 90 },
        "nse":  { "model": "tripwire_nse" },
        "sew":  { "model": "tripwire_nse", "y": 90 },
        "nsw":  { "model": "tripwire_nse", "y": 180 },
        "new":  { "model": "tripwire_nse", "y": 270 },
        "nsew": { "model": "tripwire_nsew" },
        "suspended_none": { "model": "tripwire_suspended_ns" },
        "suspended_n":    { "model": "tripwire_suspended_n" },
        "suspended_s":    { "model": "tripwire_suspended_n", "y": 180 },
        "suspended_e":    { "model": "tripwire_suspended_n", "y": 90 },
        "suspended_w":    { "model": "tripwire_suspended_n", "y": 270 },
        "suspended_ne":   { "model": "tripwire_suspended_ne" },
        "suspended_se":   { "model": "tripwire_suspended_ne", "y": 90 },
        "suspended_sw":   { "model": "tripwire_suspended_ne", "y": 180 },
        "suspended_nw":   { "model": "tripwire_suspended_ne", "y": 270 },
        "suspended_ns":   { "model": "tripwire_suspended_ns" },
        "suspended_ew":   { "model": "tripwire_suspended_ns", "y": 90 },
        "suspended_nse":  { "model": "tripwire_suspended_nse" },
        "suspended_sew":  { "model": "tripwire_suspended_nse", "y": 90 },
        "suspended_nsw":  { "model": "tripwire_suspended_nse", "y": 180 },
        "suspended_new":  { "model": "tripwire_suspended_nse", "y": 270 },
        "suspended_nsew": { "model": "tripwire_suspended_nsew" },
        "attached_none": { "model": "tripwire_attached_ns" },
        "attached_n":    { "model": "tripwire_attached_n" },
        "attached_s":    { "model": "tripwire_attached_n", "y": 180 },
        "attached_e":    { "model": "tripwire_attached_n", "y": 90 },
        "attached_w":    { "model": "tripwire_attached_n", "y": 270 },
        "attached_ne":   { "model": "tripwire_attached_ne" },
        "attached_se":   { "model": "tripwire_attached_ne", "y": 90 },
        "attached_sw":   { "model": "tripwire_attached_ne", "y": 180 },
        "attached_nw":   { "model": "tripwire_attached_ne", "y": 270 },
        "attached_ns":   { "model": "tripwire_attached_ns" },
        "attached_ew":   { "model": "tripwire_attached_ns", "y": 90 },
        "attached_nse":  { "model": "tripwire_attached_nse" },
        "attached_sew":  { "model": "tripwire_attached_nse", "y": 90 },
        "attached_nsw":  { "model": "tripwire_attached_nse", "y": 180 },
        "attached_new":  { "model": "tripwire_attached_nse", "y": 270 },
        "attached_nsew": { "model": "tripwire_attached_nsew" },
        "attached_suspended_none": { "model": "tripwire_attached_suspended_ns" },
        "attached_suspended_n":    { "model": "tripwire_attached_suspended_n" },
        "attached_suspended_s":    { "model": "tripwire_attached_suspended_n", "y": 180 },
        "attached_suspended_e":    { "model": "tripwire_attached_suspended_n", "y": 90 },
        "attached_suspended_w":    { "model": "tripwire_attached_suspended_n", "y": 270 },
        "attached_suspended_ne":   { "model": "tripwire_attached_suspended_ne" },
        "attached_suspended_se":   { "model": "tripwire_attached_suspended_ne", "y": 90 },
        "attached_suspended_sw":   { "model": "tripwire_attached_suspended_ne", "y": 180 },
        "attached_suspended_nw":   { "model": "tripwire_attached_suspended_ne", "y": 270 },
        "attached_suspended_ns":   { "model": "tripwire_attached_suspended_ns" },
        "attached_suspended_ew":   { "model": "tripwire_attached_suspended_ns", "y": 90 },
        "attached_suspended_nse":  { "model": "tripwire_attached_suspended_nse" },
        "attached_suspended_sew":  { "model": "tripwire_attached_suspended_nse", "y": 90 },
        "attached_suspended_nsw":  { "model": "tripwire_attached_suspended_nse", "y": 180 },
        "attached_suspended_new":  { "model": "tripwire_attached_suspended_nse", "y": 270 },
        "attached_suspended_nsew": { "model": "tripwire_attached_suspended_nsew" }
    }
}
