{
  "id": "17w49a",
  "type": "snapshot",
  "time": "2017-12-06T14:24:30+00:00",
  "releaseTime": "2017-12-06T14:24:30+00:00",
  "url": "https://piston-meta.mojang.com/v1/packages/807995ef62ffe655b41ee7608f85863c9d0ecfd3/17w49a.json",
  "assets": "1.12",
  "asset_index": "https://launchermeta.mojang.com/v1/packages/1584b57c1a0b5e593fad1f5b8f78536ca640547b/1.12.json",
  "client": "https://launcher.mojang.com/v1/objects/a58ce444458ba9267973c31877a57eac5a5cbeda/client.jar",
  "client_mappings": null,
  "server": "https://launcher.mojang.com/v1/objects/561fe37463ef30b4e1ab4c6b1da057d9e2b17801/server.jar",
  "server_mappings": null
}