{
  "id": "19w04a",
  "type": "snapshot",
  "time": "2019-01-24T15:31:52+00:00",
  "releaseTime": "2019-01-24T15:31:52+00:00",
  "url": "https://piston-meta.mojang.com/v1/packages/8353572034619fb0bbb884401756d73abddfc190/19w04a.json",
  "assets": "1.14",
  "asset_index": "https://launchermeta.mojang.com/v1/packages/d6c94fad4f7a03a8e46083c023926515fc0e551e/1.14.json",
  "client": "https://launcher.mojang.com/v1/objects/4a075e5ceae3fc15efd36222daeb832c94e16946/client.jar",
  "client_mappings": null,
  "server": "https://launcher.mojang.com/v1/objects/261edfd76c32c9f675c12264b6fa03f670c3325c/server.jar",
  "server_mappings": null
}