{
  "id": "1.8",
  "type": "release",
  "time": "2014-09-02T08:24:35+00:00",
  "releaseTime": "2014-09-02T08:24:35+00:00",
  "url": "https://piston-meta.mojang.com/v1/packages/9eb165eef46294062d8698c8a78e8ac914949e7a/1.8.json",
  "assets": "1.8",
  "asset_index": "https://launchermeta.mojang.com/v1/packages/f6ad102bcaa53b1a58358f16e376d548d44933ec/1.8.json",
  "client": "https://launcher.mojang.com/v1/objects/d722504db9de2b47f46cc592b8528446272ae648/client.jar",
  "client_mappings": null,
  "server": "https://launcher.mojang.com/v1/objects/a028f00e678ee5c6aef0e29656dca091b5df11c7/server.jar",
  "server_mappings": null
}