{
  "id": "18w03b",
  "type": "snapshot",
  "time": "2018-01-17T15:09:14+00:00",
  "releaseTime": "2018-01-17T15:09:14+00:00",
  "url": "https://piston-meta.mojang.com/v1/packages/8dad2dee3a546d2affa746a12efc739616d67e25/18w03b.json",
  "assets": "1.13",
  "asset_index": "https://launchermeta.mojang.com/v1/packages/23981354446ddc141dcf03cc4bfa6b2a9492aa90/1.13.json",
  "client": "https://launcher.mojang.com/v1/objects/39b958dd8e4ab25c6b6522ce9c83d4bd45173738/client.jar",
  "client_mappings": null,
  "server": "https://launcher.mojang.com/v1/objects/ef8c70a7c9b88c02c64ea01d050614929b7152f6/server.jar",
  "server_mappings": null
}