{
  "id": "15w43c",
  "type": "snapshot",
  "time": "2015-10-23T15:35:55+00:00",
  "releaseTime": "2015-10-23T15:35:55+00:00",
  "url": "https://piston-meta.mojang.com/v1/packages/1cd6c443b67d6bcf7e4e0fee3aa0288a3497cd88/15w43c.json",
  "assets": "1.9",
  "asset_index": "https://launchermeta.mojang.com/v1/packages/06cc9a2c5ce504dc712ea2f699e4d645c48416dd/1.9.json",
  "client": "https://launcher.mojang.com/v1/objects/f0437e3ac44089f3e604308041179ab2d3ed639b/client.jar",
  "client_mappings": null,
  "server": "https://launcher.mojang.com/v1/objects/e514e7107639d2e8b285ceff5eaa114379dafba7/server.jar",
  "server_mappings": null
}