{
  "id": "1.8.2-pre5",
  "type": "snapshot",
  "time": "2015-01-26T15:03:24+00:00",
  "releaseTime": "2015-01-26T15:03:24+00:00",
  "url": "https://piston-meta.mojang.com/v1/packages/08e7827173655705e938233cf148f955b4f67901/1.8.2-pre5.json",
  "assets": "1.8",
  "asset_index": "https://launchermeta.mojang.com/v1/packages/f6ad102bcaa53b1a58358f16e376d548d44933ec/1.8.json",
  "client": "https://launcher.mojang.com/v1/objects/e94d11dc1b1174da7aa8341925de78a898738f5a/client.jar",
  "client_mappings": null,
  "server": "https://launcher.mojang.com/v1/objects/0226544b417d842a3a78797784615f11f1262a79/server.jar",
  "server_mappings": null
}