{
  "id": "1.9-pre2",
  "type": "snapshot",
  "time": "2016-02-18T17:41:00+00:00",
  "releaseTime": "2016-02-18T17:41:00+00:00",
  "url": "https://piston-meta.mojang.com/v1/packages/14e95ebcd3fb703c84183b8e84931563b03f84bc/1.9-pre2.json",
  "assets": "1.9",
  "asset_index": "https://launchermeta.mojang.com/v1/packages/06cc9a2c5ce504dc712ea2f699e4d645c48416dd/1.9.json",
  "client": "https://launcher.mojang.com/v1/objects/c61b03c6a0cdc7ee87f2bc0b707ce27ded2fa066/client.jar",
  "client_mappings": null,
  "server": "https://launcher.mojang.com/v1/objects/ac6c4226ca5f1f7ea4c6f936f88d1df7c82d3a92/server.jar",
  "server_mappings": null
}