{
  "id": "18w46a",
  "type": "snapshot",
  "time": "2018-11-15T13:43:14+00:00",
  "releaseTime": "2018-11-15T13:43:14+00:00",
  "url": "https://piston-meta.mojang.com/v1/packages/87fbc01477063b55de78760f68464d296e1438a1/18w46a.json",
  "assets": "1.14",
  "asset_index": "https://launchermeta.mojang.com/v1/packages/d6c94fad4f7a03a8e46083c023926515fc0e551e/1.14.json",
  "client": "https://launcher.mojang.com/v1/objects/342ece78f131c72c4669c9aa27a7be542b911171/client.jar",
  "client_mappings": null,
  "server": "https://launcher.mojang.com/v1/objects/6681e24d2dc9ba60a6e7d1fbbf25b2af70ff9d1c/server.jar",
  "server_mappings": null
}