{
    "__comment": "Fair warning, this format is highly likely to change even more in the future!",
    "useAmbientOcclusion": false,
    "inventoryRender3D": false,
    "elements": [
        {   "type": "cube",
            "from": [ 5, 0, 5 ],
            "to": [ 6, 6, 11 ],
            "faceData": {
                "down": {
                    "uv": [ 5, 5, 6, 11 ],
                    "textureFacing": "down"
                },
                "up": {
                    "uv": [ 5, 5, 6, 11 ],
                    "textureFacing": "down",
                    "cull": false
                },
                "north": {
                    "uv": [ 10, 10, 11, 16 ],
                    "textureFacing": "down",
                    "cull": false
                },
                "south": {
                    "uv": [ 5, 10, 6, 16 ],
                    "textureFacing": "down",
                    "cull": false
                },
                "west": {
                    "uv": [ 5, 10, 11, 16 ],
                    "textureFacing": "down",
                    "cull": false
                },
                "east": {
                    "uv": [ 5, 10, 11, 16 ],
                    "textureFacing": "down",
                    "cull": false
                }
            }
        },
        {   "type": "cube",
            "from": [ 10, 0, 5 ],
            "to": [ 11, 6, 11 ],
            "faceData": {
                "down": {
                    "uv": [ 10, 5, 11, 11 ],
                    "textureFacing": "down"
                },
                "up": {
                    "uv": [ 10, 5, 11, 11 ],
                    "textureFacing": "down",
                    "cull": false
                },
                "north": {
                    "uv": [ 5, 10, 6, 16 ],
                    "textureFacing": "down",
                    "cull": false
                },
                "south": {
                    "uv": [ 10, 10, 11, 16 ],
                    "textureFacing": "down",
                    "cull": false
                },
                "west": {
                    "uv": [ 5, 10, 11, 16 ],
                    "textureFacing": "down",
                    "cull": false
                },
                "east": {
                    "uv": [ 5, 10, 11, 16 ],
                    "textureFacing": "down",
                    "cull": false
                }
            }
        },
        {   "type": "cube",
            "from": [ 6, 0, 5 ],
            "to": [ 10, 6, 6 ],
            "faceData": {
                "down": {
                    "uv": [ 6, 10, 10, 11 ],
                    "textureFacing": "down"
                },
                "up": {
                    "uv": [ 6, 5, 10, 6 ],
                    "textureFacing": "down",
                    "cull": false
                },
                "north": {
                    "uv": [ 6, 10, 10, 16 ],
                    "textureFacing": "down",
                    "cull": false
                },
                "south": {
                    "uv": [ 6, 10, 10, 16 ],
                    "textureFacing": "down",
                    "cull": false
                }
            }
        },
        {   "type": "cube",
            "from": [ 6, 0, 10 ],
            "to": [ 10, 6, 11 ],
            "faceData": {
                "down": {
                    "uv": [ 6, 5, 10, 6 ],
                    "textureFacing": "down"
                },
                "up": {
                    "uv": [ 6, 10, 10, 11 ],
                    "textureFacing": "down",
                    "cull": false
                },
                "north": {
                    "uv": [ 6, 10, 10, 16 ],
                    "textureFacing": "down",
                    "cull": false
                },
                "south": {
                    "uv": [ 6, 10, 10, 16 ],
                    "textureFacing": "down",
                    "cull": false
                }
            }
        },
        {   "type": "cube",
            "from": [ 6, 0, 6 ],
            "to": [ 10, 4, 10 ],
            "faceData": {
                "down": {
                    "uv": [ 6, 6, 10, 10 ],
                    "textureFacing": "down"
                },
                "up": {
                    "uv": [ 6, 6, 10, 10 ],
                    "textureFacing": "up",
                    "cull": false
                }
            }
        },
        {   "type": "cube",
            "from": [ 6, 4, 6 ],
            "to": [ 10, 8, 10 ],
            "faceData": {
                "north": {
                    "uv": [ 6, 8, 10, 12 ],
                    "textureFacing": "north",
                    "cull": false
                },
                "south": {
                    "uv": [ 6, 8, 10, 12 ],
                    "textureFacing": "north",
                    "cull": false
                },
                "west": {
                    "uv": [ 6, 8, 10, 12 ],
                    "textureFacing": "north",
                    "cull": false
                },
                "east": {
                    "uv": [ 6, 8, 10, 12 ],
                    "textureFacing": "north",
                    "cull": false
                }
            }
        },
        {   "type": "cube",
            "from": [ 6, 8, 6 ],
            "to": [ 10, 12, 10 ],
            "faceData": {
                "north": {
                    "uv": [ 6, 4, 10, 8 ],
                    "textureFacing": "north",
                    "cull": false
                },
                "south": {
                    "uv": [ 6, 4, 10, 8 ],
                    "textureFacing": "north",
                    "cull": false
                },
                "west": {
                    "uv": [ 6, 4, 10, 8 ],
                    "textureFacing": "north",
                    "cull": false
                },
                "east": {
                    "uv": [ 6, 4, 10, 8 ],
                    "textureFacing": "north",
                    "cull": false
                }
            }
        },
        {   "type": "cube",
            "from": [ 6, 12, 6 ],
            "to": [ 10, 16, 10 ],
            "faceData": {
                "up": {
                    "uv": [ 6, 6, 10, 10 ],
                    "textureFacing": "north",
                    "cull": false
                },
                "north": {
                    "uv": [ 6, 0, 10, 4 ],
                    "textureFacing": "north",
                    "cull": false
                },
                "south": {
                    "uv": [ 6, 0, 10, 4 ],
                    "textureFacing": "north",
                    "cull": false
                },
                "west": {
                    "uv": [ 6, 0, 10, 4 ],
                    "textureFacing": "north",
                    "cull": false
                },
                "east": {
                    "uv": [ 6, 0, 10, 4 ],
                    "textureFacing": "north",
                    "cull": false
                }
            }
        }
    ]
}
