{
  "id": "1.13-pre8",
  "type": "snapshot",
  "time": "2018-07-13T11:45:00+00:00",
  "releaseTime": "2018-07-13T11:45:00+00:00",
  "url": "https://piston-meta.mojang.com/v1/packages/481cdc143ea4e78cede29834904afeccdc85d1b2/1.13-pre8.json",
  "assets": "1.13",
  "asset_index": "https://launchermeta.mojang.com/v1/packages/23981354446ddc141dcf03cc4bfa6b2a9492aa90/1.13.json",
  "client": "https://launcher.mojang.com/v1/objects/fbece4a24e47af57c3ee75e331f9390309f92ae5/client.jar",
  "client_mappings": null,
  "server": "https://launcher.mojang.com/v1/objects/b04f82ae0f3018c4c22a153184b385012c4d0814/server.jar",
  "server_mappings": null
}