{
  "id": "16w03a",
  "type": "snapshot",
  "time": "2016-01-20T14:29:24+00:00",
  "releaseTime": "2016-01-20T14:29:24+00:00",
  "url": "https://piston-meta.mojang.com/v1/packages/6a8c9b966ed051967cf2448924b6f73094b90ef2/16w03a.json",
  "assets": "1.9",
  "asset_index": "https://launchermeta.mojang.com/v1/packages/06cc9a2c5ce504dc712ea2f699e4d645c48416dd/1.9.json",
  "client": "https://launcher.mojang.com/v1/objects/d8072c24af1c48dc7a206bbef74f342b4f48f038/client.jar",
  "client_mappings": null,
  "server": "https://launcher.mojang.com/v1/objects/ab14d7c921434c4651d171ce7f2873f56e8a7316/server.jar",
  "server_mappings": null
}