{
  "id": "1.4.7",
  "type": "release",
  "time": "2012-12-27T22:00:00+00:00",
  "releaseTime": "2012-12-27T22:00:00+00:00",
  "url": "https://piston-meta.mojang.com/v1/packages/89802d57ccee3d03ec59d2ab1f44386234adb399/1.4.7.json",
  "assets": "pre-1.6",
  "asset_index": "https://launchermeta.mojang.com/v1/packages/4759bad2824e419da9db32861fcdc3a274336532/pre-1.6.json",
  "client": "https://launcher.mojang.com/v1/objects/53ed4b9d5c358ecfff2d8b846b4427b888287028/client.jar",
  "client_mappings": null,
  "server": "https://launcher.mojang.com/v1/objects/2f0ec8efddd2f2c674c77be9ddb370b727dec676/server.jar",
  "server_mappings": null
}