{
  "id": "1.14.4-pre7",
  "type": "snapshot",
  "time": "2019-07-18T11:32:36+00:00",
  "releaseTime": "2019-07-18T11:32:36+00:00",
  "url": "https://piston-meta.mojang.com/v1/packages/225785e19ae0b841ca67e71a2dae81fe109c872a/1.14.4-pre7.json",
  "assets": "1.14",
  "asset_index": "https://launchermeta.mojang.com/v1/packages/d6c94fad4f7a03a8e46083c023926515fc0e551e/1.14.json",
  "client": "https://launcher.mojang.com/v1/objects/53bf70e446ecfb4a88a7546ab3479c4cc868e143/client.jar",
  "client_mappings": null,
  "server": "https://launcher.mojang.com/v1/objects/98d1396495562dbb32828ef50bad7112c403c47e/server.jar",
  "server_mappings": null
}