{
  "id": "1.14",
  "type": "release",
  "time": "2019-04-23T14:52:44+00:00",
  "releaseTime": "2019-04-23T14:52:44+00:00",
  "url": "https://piston-meta.mojang.com/v1/packages/44552c5e051cff06483616adb1f6fd2d94ee3447/1.14.json",
  "assets": "1.14",
  "asset_index": "https://launchermeta.mojang.com/v1/packages/d6c94fad4f7a03a8e46083c023926515fc0e551e/1.14.json",
  "client": "https://launcher.mojang.com/v1/objects/7a762a59345c13af7d87111207a93f5a8607f6c0/client.jar",
  "client_mappings": null,
  "server": "https://launcher.mojang.com/v1/objects/f1a0073671057f01aa843443fef34330281333ce/server.jar",
  "server_mappings": null
}