{
  "id": "1.14.3-pre3",
  "type": "snapshot",
  "time": "2019-06-14T08:03:33+00:00",
  "releaseTime": "2019-06-14T08:03:33+00:00",
  "url": "https://piston-meta.mojang.com/v1/packages/d3224381a7c5708e9482e80d1d59ce7e242dbc44/1.14.3-pre3.json",
  "assets": "1.14",
  "asset_index": "https://launchermeta.mojang.com/v1/packages/d6c94fad4f7a03a8e46083c023926515fc0e551e/1.14.json",
  "client": "https://launcher.mojang.com/v1/objects/360c54d41522541f6eb303771192433de4ea1235/client.jar",
  "client_mappings": null,
  "server": "https://launcher.mojang.com/v1/objects/a46e49e1541cf24a75aabe2756514565de83634a/server.jar",
  "server_mappings": null
}