{
  "id": "18w45a",
  "type": "snapshot",
  "time": "2018-11-07T14:40:06+00:00",
  "releaseTime": "2018-11-07T14:40:06+00:00",
  "url": "https://piston-meta.mojang.com/v1/packages/b725ef482b49878b96e621fc91a825ba64958413/18w45a.json",
  "assets": "1.14",
  "asset_index": "https://launchermeta.mojang.com/v1/packages/d6c94fad4f7a03a8e46083c023926515fc0e551e/1.14.json",
  "client": "https://launcher.mojang.com/v1/objects/e03e8d27b07cccc85ae669e666bc3e4e2036c374/client.jar",
  "client_mappings": null,
  "server": "https://launcher.mojang.com/v1/objects/a004069d93ebfd9a6d93c57b66becac29f876d4c/server.jar",
  "server_mappings": null
}