{
  "rewards": {
    "recipes": [
      "minecraft:tnt"
    ]
  },
  "criteria": {
    "has_the_recipe": {
      "trigger": "minecraft:recipe_unlocked",
      "conditions": {
        "recipe": "tnt"
      }
    },
    "has_gunpowder": {
      "trigger": "minecraft:inventory_changed",
      "conditions": {
        "items": [
          {
            "item": "minecraft:gunpowder"
          }
        ]
      }
    }
  },
  "requirements": [
    [
      "has_the_recipe",
      "has_gunpowder"
    ]
  ]
}