{
  "id": "19w03c",
  "type": "snapshot",
  "time": "2019-01-18T11:27:13+00:00",
  "releaseTime": "2019-01-18T11:27:13+00:00",
  "url": "https://piston-meta.mojang.com/v1/packages/74c257a53a59c196c90a7c63812ed626aa6dc658/19w03c.json",
  "assets": "1.14",
  "asset_index": "https://launchermeta.mojang.com/v1/packages/d6c94fad4f7a03a8e46083c023926515fc0e551e/1.14.json",
  "client": "https://launcher.mojang.com/v1/objects/332bdc5f0f0505d86f1f7e5b0f5c7693b494a830/client.jar",
  "client_mappings": null,
  "server": "https://launcher.mojang.com/v1/objects/e9fdb18631fc4ff23b06b1e827fb653ac20532fe/server.jar",
  "server_mappings": null
}