{
  "id": "18w22c",
  "type": "snapshot",
  "time": "2018-05-31T13:53:15+00:00",
  "releaseTime": "2018-05-31T13:53:15+00:00",
  "url": "https://piston-meta.mojang.com/v1/packages/4bf9154d3e7f493dad8349ec2d36ff45a776476a/18w22c.json",
  "assets": "1.13",
  "asset_index": "https://launchermeta.mojang.com/v1/packages/23981354446ddc141dcf03cc4bfa6b2a9492aa90/1.13.json",
  "client": "https://launcher.mojang.com/v1/objects/ec446c24c4842f6237ba7c560a5b0dae9ac87c22/client.jar",
  "client_mappings": null,
  "server": "https://launcher.mojang.com/v1/objects/d66173b86e26e6835e36c63eb2828652186a4698/server.jar",
  "server_mappings": null
}