{
  "id": "15w35e",
  "type": "snapshot",
  "time": "2015-08-28T18:14:02+00:00",
  "releaseTime": "2015-08-28T18:14:02+00:00",
  "url": "https://piston-meta.mojang.com/v1/packages/1fade4fe9d2587106ac3fa14775f9126d3198103/15w35e.json",
  "assets": "1.8",
  "asset_index": "https://launchermeta.mojang.com/v1/packages/f6ad102bcaa53b1a58358f16e376d548d44933ec/1.8.json",
  "client": "https://launcher.mojang.com/v1/objects/beb13ba79289289e231d0892c4a3a9a72c46f45f/client.jar",
  "client_mappings": null,
  "server": "https://launcher.mojang.com/v1/objects/04ade8521778da7786ea9c8bbda2fac005229e0f/server.jar",
  "server_mappings": null
}