{
  "id": "1.15",
  "type": "release",
  "time": "2019-12-09T13:13:38+00:00",
  "releaseTime": "2019-12-09T13:13:38+00:00",
  "url": "https://piston-meta.mojang.com/v1/packages/75d15976c2d82a0afd796802bac73c934ea59df7/1.15.json",
  "assets": "1.15",
  "asset_index": "https://launchermeta.mojang.com/v1/packages/3b41ad81220d2f21ff5b343629de725047dac13d/1.15.json",
  "client": "https://launcher.mojang.com/v1/objects/7b07fd09d1e3aae1bc7a1304fedc73bfe5d81800/client.jar",
  "client_mappings": "https://launcher.mojang.com/v1/objects/580c412cfa5869318a3a02d6b018a83781bf3ae7/client.txt",
  "server": "https://launcher.mojang.com/v1/objects/e9f105b3c5c7e85c7b445249a93362a22f62442d/server.jar",
  "server_mappings": "https://launcher.mojang.com/v1/objects/25ff0e2b1104b8f06fe55b7675dd11b05c72f5f4/server.txt"
}