{
  "id": "1.18-pre3",
  "type": "snapshot",
  "time": "2021-11-17T16:04:25+00:00",
  "releaseTime": "2021-11-17T16:04:25+00:00",
  "url": "https://piston-meta.mojang.com/v1/packages/5c526851fde89add0b08e734ae43e03e0bcdf3b6/1.18-pre3.json",
  "assets": "1.18",
  "asset_index": "https://launchermeta.mojang.com/v1/packages/9f03880afa475714d0a141be7252aec5755283d0/1.18.json",
  "client": "https://launcher.mojang.com/v1/objects/fe58c0cffa004dbb78c9a1cf30cc935d280a45b3/client.jar",
  "client_mappings": "https://launcher.mojang.com/v1/objects/8fa21e752f7cf46beed5c5989793cb6c25bc5349/client.txt",
  "server": "https://launcher.mojang.com/v1/objects/146d1809368fef552274122d9c380423c38068ab/server.jar",
  "server_mappings": "https://launcher.mojang.com/v1/objects/1c0712039f4637cc5febea736d5bd33a3767a271/server.txt"
}