{
  "id": "14w26a",
  "type": "snapshot",
  "time": "2014-06-25T13:59:27+00:00",
  "releaseTime": "2014-06-25T13:59:27+00:00",
  "url": "https://piston-meta.mojang.com/v1/packages/6d41ffb32ced2eaaeed6b0ddd38b5e53f849c25f/14w26a.json",
  "assets": "14w25a",
  "asset_index": "https://launchermeta.mojang.com/v1/packages/32ff354a3be1c4dd83027111e6d79ee4d701d2c0/14w25a.json",
  "client": "https://launcher.mojang.com/v1/objects/20f0b48333cf446fe77317ab95012c595b65a8d0/client.jar",
  "client_mappings": null,
  "server": "https://launcher.mojang.com/v1/objects/9d167e0b009b99d637ad102a1cb4f5aeb1501e45/server.jar",
  "server_mappings": null
}