{
  "id": "1.8.6",
  "type": "release",
  "time": "2015-05-25T10:31:19+00:00",
  "releaseTime": "2015-05-25T10:31:19+00:00",
  "url": "https://piston-meta.mojang.com/v1/packages/acccbb056a3e8f3086c4614974fb3a894317853a/1.8.6.json",
  "assets": "1.8",
  "asset_index": "https://launchermeta.mojang.com/v1/packages/f6ad102bcaa53b1a58358f16e376d548d44933ec/1.8.json",
  "client": "https://launcher.mojang.com/v1/objects/faa55e34ded35089d34fe921ea83d317fc152e93/client.jar",
  "client_mappings": null,
  "server": "https://launcher.mojang.com/v1/objects/2bd44b53198f143fb278f8bec3a505dad0beacd2/server.jar",
  "server_mappings": null
}