{
  "id": "13w23a",
  "type": "snapshot",
  "time": "2013-06-07T16:04:20+00:00",
  "releaseTime": "2013-06-07T16:04:20+00:00",
  "url": "https://piston-meta.mojang.com/v1/packages/400a136ff102882dfa9bb8990aef32b81309d46a/13w23a.json",
  "assets": "pre-1.6",
  "asset_index": "https://launchermeta.mojang.com/v1/packages/4759bad2824e419da9db32861fcdc3a274336532/pre-1.6.json",
  "client": "https://launcher.mojang.com/v1/objects/5f4d786a78b0b9b169f048b849f71dbc2d4ac0b0/client.jar",
  "client_mappings": null,
  "server": "https://launcher.mojang.com/v1/objects/b26a278856a6a4703054ad266b79b1ef397676c2/server.jar",
  "server_mappings": null
}