{
  "rewards": {
    "recipes": [
      "minecraft:blaze_powder"
    ]
  },
  "criteria": {
    "has_blaze_rod": {
      "trigger": "minecraft:inventory_changed",
      "conditions": {
        "items": [
          {
            "item": "minecraft:blaze_rod"
          }
        ]
      }
    },
    "has_the_recipe": {
      "trigger": "minecraft:recipe_unlocked",
      "conditions": {
        "recipe": "blaze_powder"
      }
    }
  },
  "requirements": [
    [
      "has_blaze_rod",
      "has_the_recipe"
    ]
  ]
}