{
  "id": "18w01a",
  "type": "snapshot",
  "time": "2018-01-03T13:29:30+00:00",
  "releaseTime": "2018-01-03T13:29:30+00:00",
  "url": "https://piston-meta.mojang.com/v1/packages/785ade0867cc8fb9f1bb68b6c15ca1ccb89477a6/18w01a.json",
  "assets": "1.12",
  "asset_index": "https://launchermeta.mojang.com/v1/packages/1584b57c1a0b5e593fad1f5b8f78536ca640547b/1.12.json",
  "client": "https://launcher.mojang.com/v1/objects/504f07f4a10f295522a57f2b1163298dc4a63103/client.jar",
  "client_mappings": null,
  "server": "https://launcher.mojang.com/v1/objects/47a8d2bb4db5b5e3db6b7837c9f0fa17ea660448/server.jar",
  "server_mappings": null
}