{
  "id": "1.9.1-pre3",
  "type": "snapshot",
  "time": "2016-03-11T09:20:36+00:00",
  "releaseTime": "2016-03-11T09:20:36+00:00",
  "url": "https://piston-meta.mojang.com/v1/packages/e13d03fac8dbe3b518542da89e9fa8064b76d4a3/1.9.1-pre3.json",
  "assets": "1.9",
  "asset_index": "https://launchermeta.mojang.com/v1/packages/06cc9a2c5ce504dc712ea2f699e4d645c48416dd/1.9.json",
  "client": "https://launcher.mojang.com/v1/objects/54ad739a28758d411492aa2aa562d6604ba3227e/client.jar",
  "client_mappings": null,
  "server": "https://launcher.mojang.com/v1/objects/6cf7cb1c561e2915c4370bfb4cf3f5e10058d537/server.jar",
  "server_mappings": null
}