{
  "id": "16w20a",
  "type": "snapshot",
  "time": "2016-05-18T12:45:14+00:00",
  "releaseTime": "2016-05-18T12:45:14+00:00",
  "url": "https://piston-meta.mojang.com/v1/packages/779532b8918db58fcbce6ba6b177c8fd44c6e08e/16w20a.json",
  "assets": "1.9",
  "asset_index": "https://launchermeta.mojang.com/v1/packages/06cc9a2c5ce504dc712ea2f699e4d645c48416dd/1.9.json",
  "client": "https://launcher.mojang.com/v1/objects/73de5728b610cf31bcc9c497447856374893249d/client.jar",
  "client_mappings": null,
  "server": "https://launcher.mojang.com/v1/objects/2cbcbd735cb48c8cc2bebb7b43c8afa69a923269/server.jar",
  "server_mappings": null
}