{
    "pools": [
        {
            "rolls": 1,
            "entries": [
                {
                    "type": "loot_table",
                    "name": "minecraft:gameplay/fishing/junk",
                    "weight": 10,
                    "luck": -2
                },
                {
                    "type": "loot_table",
                    "name": "minecraft:gameplay/fishing/treasure",
                    "weight": 5,
                    "luck": 1
                },
                {
                    "type": "loot_table",
                    "name": "minecraft:gameplay/fishing/fish",
                    "weight": 85
                }
            ]
        }
    ]
}