{
  "id": "15w34a",
  "type": "snapshot",
  "time": "2015-08-19T12:56:01+00:00",
  "releaseTime": "2015-08-19T12:56:01+00:00",
  "url": "https://piston-meta.mojang.com/v1/packages/b8fdc5838196c33646a68610ed7586678a53b085/15w34a.json",
  "assets": "1.8",
  "asset_index": "https://launchermeta.mojang.com/v1/packages/f6ad102bcaa53b1a58358f16e376d548d44933ec/1.8.json",
  "client": "https://launcher.mojang.com/v1/objects/e8320ed660bcdc6c80d94a5c4e068e783465a2f5/client.jar",
  "client_mappings": null,
  "server": "https://launcher.mojang.com/v1/objects/70103317cd7b973e4f8511a5d8973da20c6654d1/server.jar",
  "server_mappings": null
}