{
  "id": "13w38c",
  "type": "snapshot",
  "time": "2013-09-20T15:11:34+00:00",
  "releaseTime": "2013-09-20T15:11:34+00:00",
  "url": "https://piston-meta.mojang.com/v1/packages/a9e87e0699f19fea280878f5deb744c5d5d3ccb1/13w38c.json",
  "assets": "legacy",
  "asset_index": "https://launchermeta.mojang.com/v1/packages/770572e819335b6c0a053f8378ad88eda189fc14/legacy.json",
  "client": "https://launcher.mojang.com/v1/objects/1424fb2795c4d86ea034b868a2fd56c6ce6912d9/client.jar",
  "client_mappings": null,
  "server": "https://launcher.mojang.com/v1/objects/03081b4b569174ec68ef9cdd574ee4feca05dea5/server.jar",
  "server_mappings": null
}