{
  "id": "17w50a",
  "type": "snapshot",
  "time": "2017-12-11T15:28:08+00:00",
  "releaseTime": "2017-12-11T15:28:08+00:00",
  "url": "https://piston-meta.mojang.com/v1/packages/efe9f23d6eddef432b89deafebbd17ceae0492cc/17w50a.json",
  "assets": "1.12",
  "asset_index": "https://launchermeta.mojang.com/v1/packages/1584b57c1a0b5e593fad1f5b8f78536ca640547b/1.12.json",
  "client": "https://launcher.mojang.com/v1/objects/ebb9600d0f33b6ffd1dec8fc3010677dc07accbc/client.jar",
  "client_mappings": null,
  "server": "https://launcher.mojang.com/v1/objects/670c67a4dfbd1070a9be629124ddd8aac8d9b9d9/server.jar",
  "server_mappings": null
}