{
    "display": {
        "icon": {
            "item": "minecraft:dragon_breath"
        },
        "title": "You Need a Mint",
        "description": "Collect dragon's breath in a glass bottle",
        "frame": "goal"
    },
    "parent": "end/kill_dragon",
    "criteria": {
        "dragon_breath": {
            "trigger": "minecraft:inventory_changed",
            "conditions": {
                "items": [
                    {
                        "item": "minecraft:dragon_breath"
                    }
                ]
            }
        }
    }
}