{
  "id": "18w08b",
  "type": "snapshot",
  "time": "2018-02-22T15:44:49+00:00",
  "releaseTime": "2018-02-22T15:44:49+00:00",
  "url": "https://piston-meta.mojang.com/v1/packages/7147b296dd0a82a4004c638939fce87a8e3c6fa8/18w08b.json",
  "assets": "1.13",
  "asset_index": "https://launchermeta.mojang.com/v1/packages/23981354446ddc141dcf03cc4bfa6b2a9492aa90/1.13.json",
  "client": "https://launcher.mojang.com/v1/objects/665fd71175823d517cee81154b374bb27ac5c070/client.jar",
  "client_mappings": null,
  "server": "https://launcher.mojang.com/v1/objects/cdfdcdd799087d9b66f04667f0717a11e28c29cc/server.jar",
  "server_mappings": null
}