{
  "id": "1.14.1 Pre-Release 1",
  "type": "snapshot",
  "time": "2019-05-07T14:44:42+00:00",
  "releaseTime": "2019-05-07T14:44:42+00:00",
  "url": "https://piston-meta.mojang.com/v1/packages/c4151fa78258c9a337d5b5906280fe341e861c0a/1.14.1%20Pre-Release%201.json",
  "assets": "1.14",
  "asset_index": "https://launchermeta.mojang.com/v1/packages/d6c94fad4f7a03a8e46083c023926515fc0e551e/1.14.json",
  "client": "https://launcher.mojang.com/v1/objects/bf5ada613755329f9d194c1e8a5b26b6bbf30cca/client.jar",
  "client_mappings": null,
  "server": "https://launcher.mojang.com/v1/objects/0bbed1aa2ef4bd4c0d6134461ac3e8eba1dc5f62/server.jar",
  "server_mappings": null
}