{
  "id": "1.10-pre1",
  "type": "snapshot",
  "time": "2016-06-02T14:45:16+00:00",
  "releaseTime": "2016-06-02T14:45:16+00:00",
  "url": "https://piston-meta.mojang.com/v1/packages/1a1804d54af75def8770336a46d598371bcbaef0/1.10-pre1.json",
  "assets": "1.9",
  "asset_index": "https://launchermeta.mojang.com/v1/packages/06cc9a2c5ce504dc712ea2f699e4d645c48416dd/1.9.json",
  "client": "https://launcher.mojang.com/v1/objects/33c87d0abcd90cfc694ef651e96e81689e14cffb/client.jar",
  "client_mappings": null,
  "server": "https://launcher.mojang.com/v1/objects/c9c34ba406f694e56c1729b465c25e0f63ce9743/server.jar",
  "server_mappings": null
}