{
  "id": "18w20a",
  "type": "snapshot",
  "time": "2018-05-15T14:02:25+00:00",
  "releaseTime": "2018-05-15T14:02:25+00:00",
  "url": "https://piston-meta.mojang.com/v1/packages/b7178822e4c4d04346e34e1d102f7dc3ee4d1c4f/18w20a.json",
  "assets": "1.13",
  "asset_index": "https://launchermeta.mojang.com/v1/packages/23981354446ddc141dcf03cc4bfa6b2a9492aa90/1.13.json",
  "client": "https://launcher.mojang.com/v1/objects/89843d397a9b0fd42bea26ada6890ebc693ad288/client.jar",
  "client_mappings": null,
  "server": "https://launcher.mojang.com/v1/objects/108a051216637e0145f6b0e66182b48736595fc3/server.jar",
  "server_mappings": null
}