{
  "id": "18w10d",
  "type": "snapshot",
  "time": "2018-03-09T15:19:12+00:00",
  "releaseTime": "2018-03-09T15:19:12+00:00",
  "url": "https://piston-meta.mojang.com/v1/packages/3e59dae66bbe21fe5574fe225515953af900ccc7/18w10d.json",
  "assets": "1.13",
  "asset_index": "https://launchermeta.mojang.com/v1/packages/23981354446ddc141dcf03cc4bfa6b2a9492aa90/1.13.json",
  "client": "https://launcher.mojang.com/v1/objects/062c014c0e8684ca554d3abbcfc31e3e56334a2a/client.jar",
  "client_mappings": null,
  "server": "https://launcher.mojang.com/v1/objects/28727c7dfb62c56ac48153ab9a25d42115f85f94/server.jar",
  "server_mappings": null
}