{
  "id": "1.14.4-pre6",
  "type": "snapshot",
  "time": "2019-07-15T12:39:49+00:00",
  "releaseTime": "2019-07-15T12:39:49+00:00",
  "url": "https://piston-meta.mojang.com/v1/packages/5064ae3ee503c8ebc27928d6ae8d6937367bcdc5/1.14.4-pre6.json",
  "assets": "1.14",
  "asset_index": "https://launchermeta.mojang.com/v1/packages/d6c94fad4f7a03a8e46083c023926515fc0e551e/1.14.json",
  "client": "https://launcher.mojang.com/v1/objects/338cd13bb237252c59b59043b49340e545fa1722/client.jar",
  "client_mappings": null,
  "server": "https://launcher.mojang.com/v1/objects/d7b8f310278a5ea9efef03b4e441f12524253c5d/server.jar",
  "server_mappings": null
}