{
  "id": "17w46a",
  "type": "snapshot",
  "time": "2017-11-15T15:21:55+00:00",
  "releaseTime": "2017-11-15T15:21:55+00:00",
  "url": "https://piston-meta.mojang.com/v1/packages/6666ccc72ccb68b972a83cfd8c57314008ef4da7/17w46a.json",
  "assets": "1.12",
  "asset_index": "https://launchermeta.mojang.com/v1/packages/1584b57c1a0b5e593fad1f5b8f78536ca640547b/1.12.json",
  "client": "https://launcher.mojang.com/v1/objects/fd90b150fb461573b121a7e6b6de657ba382f14d/client.jar",
  "client_mappings": null,
  "server": "https://launcher.mojang.com/v1/objects/9127416e2341eb8fb7b63636c3ae39efefb2843b/server.jar",
  "server_mappings": null
}