{
  "id": "18w09a",
  "type": "snapshot",
  "time": "2018-03-01T14:15:10+00:00",
  "releaseTime": "2018-03-01T14:15:10+00:00",
  "url": "https://piston-meta.mojang.com/v1/packages/e7ba45e34b4f582960869ba8d9f7aed5768d269b/18w09a.json",
  "assets": "1.13",
  "asset_index": "https://launchermeta.mojang.com/v1/packages/23981354446ddc141dcf03cc4bfa6b2a9492aa90/1.13.json",
  "client": "https://launcher.mojang.com/v1/objects/701085c1b668d45b7c0ee5ea911b11d6691c01bc/client.jar",
  "client_mappings": null,
  "server": "https://launcher.mojang.com/v1/objects/57dd2fe4a2fdb6e846b978e77442465d2ea27f43/server.jar",
  "server_mappings": null
}