{
  "id": "1.11",
  "type": "release",
  "time": "2016-11-14T14:34:40+00:00",
  "releaseTime": "2016-11-14T14:34:40+00:00",
  "url": "https://piston-meta.mojang.com/v1/packages/ec94669865c0b0f6e9acfdb172985861790c8538/1.11.json",
  "assets": "1.11",
  "asset_index": "https://launchermeta.mojang.com/v1/packages/4fa7f939c7e9902e6c674ad1d00358f8c08d7b8e/1.11.json",
  "client": "https://launcher.mojang.com/v1/objects/780e46b3a96091a7f42c028c615af45974629072/client.jar",
  "client_mappings": null,
  "server": "https://launcher.mojang.com/v1/objects/48820c84cb1ed502cb5b2fe23b8153d5e4fa61c0/server.jar",
  "server_mappings": null
}