{
    "display": {
        "icon": {
            "item": "minecraft:end_stone"
        },
        "title": {
            "translate": "advancements.end.root.title"
        },
        "description": {
            "translate": "advancements.end.root.description"
        },
        "background": "minecraft:textures/gui/advancements/backgrounds/end.png"
    },
    "criteria": {
        "entered_end": {
            "trigger": "minecraft:changed_dimension",
            "conditions": {
                "to": "the_end"
            }
        }
    }
}