{
  "id": "18w30b",
  "type": "snapshot",
  "time": "2018-07-26T16:06:57+00:00",
  "releaseTime": "2018-07-26T16:06:57+00:00",
  "url": "https://piston-meta.mojang.com/v1/packages/99192fa960329f349ba8691be513917795ee2397/18w30b.json",
  "assets": "1.13.1",
  "asset_index": "https://launchermeta.mojang.com/v1/packages/6d78d53da5ac7158e2f725056312edf9871dfbb1/1.13.1.json",
  "client": "https://launcher.mojang.com/v1/objects/e6bfb0dc26e29d80efb137c8e9359fd3c324cf1a/client.jar",
  "client_mappings": null,
  "server": "https://launcher.mojang.com/v1/objects/373b2fb24db8ed21d25483a986e9eb7f945c5277/server.jar",
  "server_mappings": null
}