{
    "__comment": "Fair warning, this format is highly likely to change even more in the future!",
    "useAmbientOcclusion": false,
    "randomOffsetX": true,
    "randomOffsetZ": true,
    "inventoryRender3D": false,
    "elements": [
        {   "type": "plane",
            "from": [ 0, 0, 8 ],
            "to": [ 16, 16, 8 ],
            "facing": "south",
            "rotation": [ 0, 45, 0 ],
            "rescaleRotation": true,
            "twoSided": true,
            "faceData": {
                "uv": [ 0, 0, 16, 16 ],
                "textureFacing": "down",
                "cull": false
            }
        },
        {   "type": "plane",
            "from": [ 8, 0, 0 ],
            "to": [ 8, 16, 16 ],
            "facing": "east",
            "rotation": [ 0, 45, 0 ],
            "rescaleRotation": true,
            "twoSided": true,
            "faceData": {
                "uv": [ 0, 0, 16, 16 ],
                "textureFacing": "down",
                "cull": false
            }
        }
    ]
}
