{
    "__comment": "Fair warning, this format is highly likely to change even more in the future!",
    "useAmbientOcclusion": false,
    "inventoryRender3D": false,
    "elements": [
        {   "type": "plane",
            "from": [ 0, -1, 8 ],
            "to": [ 16, 8, 8 ],
            "facing": "south",
            "rotation": [ 0, 45, 0 ],
            "twoSided": true,
            "faceData": {
                "uv": [ 0, 0, 16, 8 ],
                "textureFacing": "down",
                "tint": true,
                "cull": false
            }
        },
        {   "type": "plane",
            "from": [ 8, -1, 0 ],
            "to": [ 8, 8, 16 ],
            "facing": "east",
            "rotation": [ 0, 45, 0 ],
            "twoSided": true,
            "faceData": {
                "uv": [ 0, 0, 16, 8 ],
                "textureFacing": "down",
                "tint": true,
                "cull": false
            }
        },
        {   "type": "plane",
            "from": [ 0, 0, 8 ],
            "to": [ 9, 16, 8 ],
            "facing": "north",
            "faceData": {
                "uv": [ 9, 0, 0, 16 ],
                "textureFacing": "up",
                "tint": true,
                "cull": false
            }
        },
        {   "type": "plane",
            "from": [ 0, 0, 8 ],
            "to": [ 9, 16, 8 ],
            "facing": "south",
            "faceData": {
                "uv": [ 0, 0, 9, 16 ],
                "textureFacing": "up",
                "tint": true,
                "cull": false
            }
        }
    ]
}
