{
    "__comment": "Fair warning, this format is highly likely to change even more in the future!",
    "useAmbientOcclusion": false,
    "inventoryRender3D": false,
    "elements": [
        {   "type": "plane",
            "from": [ 7, 0, 7 ],
            "to": [ 9, 0, 9 ],
            "facing": "down",
            "faceData": {
                "uv": [ 7, 13, 9, 15 ],
                "textureFacing": "down",
                "cull": false
            }
        },
        {   "type": "plane",
            "from": [ 7, 10, 7 ],
            "to": [ 9, 10, 9 ],
            "facing": "up",
            "faceData": {
                "uv": [ 7, 6, 9, 8 ],
                "textureFacing": "down",
                "cull": false
            }
        },
        {   "type": "plane",
            "from": [ 7, 0, 0 ],
            "to": [ 7, 16, 16 ],
            "facing": "west",
            "faceData": {
                "uv": [ 0, 0, 16, 16 ],
                "textureFacing": "down",
                "cull": false
            }
        },
        {   "type": "plane",
            "from": [ 9, 0, 0 ],
            "to": [ 9, 16, 16 ],
            "facing": "east",
            "faceData": {
                "uv": [ 0, 0, 16, 16 ],
                "textureFacing": "down",
                "cull": false
            }
        },
        {   "type": "plane",
            "from": [ 0, 0, 9 ],
            "to": [ 16, 16, 9 ],
            "facing": "south",
            "faceData": {
                "uv": [ 0, 0, 16, 16 ],
                "textureFacing": "down",
                "cull": false
            }
        },
        {   "type": "plane",
            "from": [ 0, 0, 7 ],
            "to": [ 16, 16, 7 ],
            "facing": "north",
            "faceData": {
                "uv": [ 0, 0, 16, 16 ],
                "textureFacing": "down",
                "cull": false
            }
        }
    ]
}
