{
  "rewards": {
    "recipes": [
      "minecraft:bone_meal_from_bone"
    ]
  },
  "criteria": {
    "has_bone": {
      "trigger": "minecraft:inventory_changed",
      "conditions": {
        "items": [
          {
            "item": "minecraft:bone"
          }
        ]
      }
    },
    "has_the_recipe": {
      "trigger": "minecraft:recipe_unlocked",
      "conditions": {
        "recipe": "bone_meal_from_bone"
      }
    }
  },
  "requirements": [
    [
      "has_bone",
      "has_the_recipe"
    ]
  ]
}