{
  "rewards": {
    "recipes": [
      "minecraft:bucket"
    ]
  },
  "criteria": {
    "has_the_recipe": {
      "trigger": "minecraft:recipe_unlocked",
      "conditions": {
        "recipe": "bucket"
      }
    },
    "has_iron_ingot": {
      "trigger": "minecraft:inventory_changed",
      "conditions": {
        "items": [
          {
            "item": "minecraft:iron_ingot"
          }
        ]
      }
    }
  },
  "requirements": [
    [
      "has_the_recipe",
      "has_iron_ingot"
    ]
  ]
}