{
  "id": "13w17a",
  "type": "snapshot",
  "time": "2013-04-25T15:50:00+00:00",
  "releaseTime": "2013-04-25T15:50:00+00:00",
  "url": "https://piston-meta.mojang.com/v1/packages/f65b6bd3c813d67b026a3c9ec12e3280c495cf87/13w17a.json",
  "assets": "pre-1.6",
  "asset_index": "https://launchermeta.mojang.com/v1/packages/4759bad2824e419da9db32861fcdc3a274336532/pre-1.6.json",
  "client": "https://launcher.mojang.com/v1/objects/87ef559adfe7d7980c0158d3dbaa28792d4e62cd/client.jar",
  "client_mappings": null,
  "server": "https://launcher.mojang.com/v1/objects/48ece561c3512b2f9c0915dad7c3cb65560ceb39/server.jar",
  "server_mappings": null
}