{
  "id": "1.18.2",
  "type": "release",
  "time": "2022-02-28T10:42:45+00:00",
  "releaseTime": "2022-02-28T10:42:45+00:00",
  "url": "https://piston-meta.mojang.com/v1/packages/86f9645f8398ec902cd17769058851e6fead68cf/1.18.2.json",
  "assets": "1.18",
  "asset_index": "https://launchermeta.mojang.com/v1/packages/7fcda714d4a391a711ce434fa1dbbebe73ecf179/1.18.json",
  "client": "https://launcher.mojang.com/v1/objects/2e9a3e3107cca00d6bc9c97bf7d149cae163ef21/client.jar",
  "client_mappings": "https://launcher.mojang.com/v1/objects/a661c6a55a0600bd391bdbbd6827654c05b2109c/client.txt",
  "server": "https://launcher.mojang.com/v1/objects/c8f83c5655308435b3dcf03c06d9fe8740a77469/server.jar",
  "server_mappings": "https://launcher.mojang.com/v1/objects/e562f588fea155d96291267465dc3323bfe1551b/server.txt"
}