{
  "id": "17w31a",
  "type": "snapshot",
  "time": "2017-08-01T09:41:23+00:00",
  "releaseTime": "2017-08-01T09:41:23+00:00",
  "url": "https://piston-meta.mojang.com/v1/packages/7c12f84c7ed5ba230463d8875890a29c2fec45e1/17w31a.json",
  "assets": "1.12",
  "asset_index": "https://launchermeta.mojang.com/v1/packages/1584b57c1a0b5e593fad1f5b8f78536ca640547b/1.12.json",
  "client": "https://launcher.mojang.com/v1/objects/67bfebbd0af5e7b7b4d089a7e9b63dbed2eeacd7/client.jar",
  "client_mappings": null,
  "server": "https://launcher.mojang.com/v1/objects/00b83b98c91dbe3531342325f72654ef6d7be6eb/server.jar",
  "server_mappings": null
}