{
  "id": "15w40b",
  "type": "snapshot",
  "time": "2015-09-30T14:13:54+00:00",
  "releaseTime": "2015-09-30T14:13:54+00:00",
  "url": "https://piston-meta.mojang.com/v1/packages/a00ee3d8eb0c1cb38d928f5efb4a473768fa5286/15w40b.json",
  "assets": "1.8",
  "asset_index": "https://launchermeta.mojang.com/v1/packages/f6ad102bcaa53b1a58358f16e376d548d44933ec/1.8.json",
  "client": "https://launcher.mojang.com/v1/objects/2d0a8a24c90034d529277e20414080952a6c7e7b/client.jar",
  "client_mappings": null,
  "server": "https://launcher.mojang.com/v1/objects/adba98d3a02da95106d782991a90a199d38e5d9f/server.jar",
  "server_mappings": null
}