{
  "id": "1.17-rc1",
  "type": "snapshot",
  "time": "2021-06-04T13:24:48+00:00",
  "releaseTime": "2021-06-04T13:24:48+00:00",
  "url": "https://piston-meta.mojang.com/v1/packages/23e2c8dedcfa212751b692538b5c9fd5e1ee0219/1.17-rc1.json",
  "assets": "1.17",
  "asset_index": "https://launchermeta.mojang.com/v1/packages/778121f761dc8276a01d91120d54f33137b4c61b/1.17.json",
  "client": "https://launcher.mojang.com/v1/objects/006320ab2a9969f0e0d3dc64a463e1816be5e225/client.jar",
  "client_mappings": "https://launcher.mojang.com/v1/objects/f98bcfe6126153d862d072c574dbe48af778f5d9/client.txt",
  "server": "https://launcher.mojang.com/v1/objects/4de310c8c4f4a8ab4574246c1d63e3de3af1444d/server.jar",
  "server_mappings": "https://launcher.mojang.com/v1/objects/98a1398dc4144f92e10dd6967a231763741952e7/server.txt"
}