{
  "id": "1.8-pre2",
  "type": "snapshot",
  "time": "2014-08-25T14:52:18+00:00",
  "releaseTime": "2014-08-25T14:52:18+00:00",
  "url": "https://piston-meta.mojang.com/v1/packages/2c6bf8e3d17565117bbb5e188544439518d3ad95/1.8-pre2.json",
  "assets": "14w31a",
  "asset_index": "https://launchermeta.mojang.com/v1/packages/10a2a0e75b03cfb5a7196abbdf43b54f7fa61deb/14w31a.json",
  "client": "https://launcher.mojang.com/v1/objects/81fb8e9ddceca2cfdf453ff4755d1178b1de482e/client.jar",
  "client_mappings": null,
  "server": "https://launcher.mojang.com/v1/objects/5673d722ac14f571e6a46f368d34b144e90ef8ad/server.jar",
  "server_mappings": null
}