{
  "id": "15w41a",
  "type": "snapshot",
  "time": "2015-10-07T13:19:53+00:00",
  "releaseTime": "2015-10-07T13:19:53+00:00",
  "url": "https://piston-meta.mojang.com/v1/packages/38026b4c0301e3441d8e0d5b367392d3212dc51d/15w41a.json",
  "assets": "1.8",
  "asset_index": "https://launchermeta.mojang.com/v1/packages/f6ad102bcaa53b1a58358f16e376d548d44933ec/1.8.json",
  "client": "https://launcher.mojang.com/v1/objects/edcecdfe258c36fcc857dfce1ee40167587d250d/client.jar",
  "client_mappings": null,
  "server": "https://launcher.mojang.com/v1/objects/92fcc884b954fb7e87b163d478fd5ff91bdb1550/server.jar",
  "server_mappings": null
}