{
  "id": "17w45b",
  "type": "snapshot",
  "time": "2017-11-10T10:07:02+00:00",
  "releaseTime": "2017-11-10T10:07:02+00:00",
  "url": "https://piston-meta.mojang.com/v1/packages/f1a9ddceaca9e2d0f98892ebfcdf5067bf61f894/17w45b.json",
  "assets": "1.12",
  "asset_index": "https://launchermeta.mojang.com/v1/packages/1584b57c1a0b5e593fad1f5b8f78536ca640547b/1.12.json",
  "client": "https://launcher.mojang.com/v1/objects/83e5c3728b473a8d5afda12906a3e581888489fd/client.jar",
  "client_mappings": null,
  "server": "https://launcher.mojang.com/v1/objects/eec0c6c49b1066b648f39e1dcef8c76510a794dc/server.jar",
  "server_mappings": null
}