{
  "id": "1.14.4-pre4",
  "type": "snapshot",
  "time": "2019-07-10T12:53:29+00:00",
  "releaseTime": "2019-07-10T12:53:29+00:00",
  "url": "https://piston-meta.mojang.com/v1/packages/9d8f7c94726e8c9058d98aa5d791540854c06c28/1.14.4-pre4.json",
  "assets": "1.14",
  "asset_index": "https://launchermeta.mojang.com/v1/packages/d6c94fad4f7a03a8e46083c023926515fc0e551e/1.14.json",
  "client": "https://launcher.mojang.com/v1/objects/ee6386897fd6d7f777d4159fd45b26deaff14cff/client.jar",
  "client_mappings": null,
  "server": "https://launcher.mojang.com/v1/objects/853bf851bda5862b7f68baf93ae86fb90571ceca/server.jar",
  "server_mappings": null
}