{
  "id": "18w43c",
  "type": "snapshot",
  "time": "2018-10-26T08:40:46+00:00",
  "releaseTime": "2018-10-26T08:40:46+00:00",
  "url": "https://piston-meta.mojang.com/v1/packages/3ef1f818fdc1437e4ede574a3f5077fa9c6a4ba7/18w43c.json",
  "assets": "1.14",
  "asset_index": "https://launchermeta.mojang.com/v1/packages/d6c94fad4f7a03a8e46083c023926515fc0e551e/1.14.json",
  "client": "https://launcher.mojang.com/v1/objects/a040369aa294a5a42048d828b03592b54db6a8d3/client.jar",
  "client_mappings": null,
  "server": "https://launcher.mojang.com/v1/objects/b2dc0522b0802cbb8e81d1afd3e46be8819d3c1d/server.jar",
  "server_mappings": null
}