{
  "id": "18w22b",
  "type": "snapshot",
  "time": "2018-05-30T13:48:58+00:00",
  "releaseTime": "2018-05-30T13:48:58+00:00",
  "url": "https://piston-meta.mojang.com/v1/packages/70b35ec337ef414c6c20a0c262b6e20292149950/18w22b.json",
  "assets": "1.13",
  "asset_index": "https://launchermeta.mojang.com/v1/packages/23981354446ddc141dcf03cc4bfa6b2a9492aa90/1.13.json",
  "client": "https://launcher.mojang.com/v1/objects/a7db66a86e6696aef0fbfbf813293ff1aa01a64a/client.jar",
  "client_mappings": null,
  "server": "https://launcher.mojang.com/v1/objects/cc0b6a96e537528cdaab685c4eaeeaf8ed905b51/server.jar",
  "server_mappings": null
}