{
    "__comment": "Fair warning, this format is highly likely to change even more in the future!",
    "variants": {
        "1tick_north": { "model": "repeater_on_1tick" },
        "1tick_east":  { "model": "repeater_on_1tick", "y": 90 },
        "1tick_south": { "model": "repeater_on_1tick", "y": 180 },
        "1tick_west":  { "model": "repeater_on_1tick", "y": 270 },
        "2tick_north": { "model": "repeater_on_2tick" },
        "2tick_east":  { "model": "repeater_on_2tick", "y": 90 },
        "2tick_south": { "model": "repeater_on_2tick", "y": 180 },
        "2tick_west":  { "model": "repeater_on_2tick", "y": 270 },
        "3tick_north": { "model": "repeater_on_3tick" },
        "3tick_east":  { "model": "repeater_on_3tick", "y": 90 },
        "3tick_south": { "model": "repeater_on_3tick", "y": 180 },
        "3tick_west":  { "model": "repeater_on_3tick", "y": 270 },
        "4tick_north": { "model": "repeater_on_4tick" },
        "4tick_east":  { "model": "repeater_on_4tick", "y": 90 },
        "4tick_south": { "model": "repeater_on_4tick", "y": 180 },
        "4tick_west":  { "model": "repeater_on_4tick", "y": 270 },
        "1tick_locked_north": { "model": "repeater_on_locked_1tick" },
        "1tick_locked_east":  { "model": "repeater_on_locked_1tick", "y": 90 },
        "1tick_locked_south": { "model": "repeater_on_locked_1tick", "y": 180 },
        "1tick_locked_west":  { "model": "repeater_on_locked_1tick", "y": 270 },
        "2tick_locked_north": { "model": "repeater_on_locked_2tick" },
        "2tick_locked_east":  { "model": "repeater_on_locked_2tick", "y": 90 },
        "2tick_locked_south": { "model": "repeater_on_locked_2tick", "y": 180 },
        "2tick_locked_west":  { "model": "repeater_on_locked_2tick", "y": 270 },
        "3tick_locked_north": { "model": "repeater_on_locked_3tick" },
        "3tick_locked_east":  { "model": "repeater_on_locked_3tick", "y": 90 },
        "3tick_locked_south": { "model": "repeater_on_locked_3tick", "y": 180 },
        "3tick_locked_west":  { "model": "repeater_on_locked_3tick", "y": 270 },
        "4tick_locked_north": { "model": "repeater_on_locked_4tick" },
        "4tick_locked_east":  { "model": "repeater_on_locked_4tick", "y": 90 },
        "4tick_locked_south": { "model": "repeater_on_locked_4tick", "y": 180 },
        "4tick_locked_west":  { "model": "repeater_on_locked_4tick", "y": 270 }
    }
}
