{
    "__comment": "Fair warning, this format is highly likely to change even more in the future!",
    "variants": {
        "rose":         { "model": "flower" },
        "orchid":       { "model": "flower" },
        "allium":       { "model": "flower" },
        "houstonia":    { "model": "flower" },
        "tulip_red":    { "model": "flower" },
        "tulip_orange": { "model": "flower" },
        "tulip_white":  { "model": "flower" },
        "tulip_pink":   { "model": "flower" },
        "daisy":        { "model": "flower" }
    }
}
