{
    "__comment": "Fair warning, this format is highly likely to change even more in the future!",
    "variants": {
        "s": { "model": "vine_1" },
        "w": { "model": "vine_1", "y": 90 },
        "n": { "model": "vine_1", "y": 180 },
        "e": { "model": "vine_1", "y": 270 },
        "en": { "model": "vine_2" },
        "es": { "model": "vine_2", "y": 90 },
        "ws": { "model": "vine_2", "y": 180 },
        "nw": { "model": "vine_2", "y": 270 },
        "ew": { "model": "vine_2_opposite" },
        "ns": { "model": "vine_2_opposite", "y": 90 },
        "ens": { "model": "vine_3" },
        "ews": { "model": "vine_3", "y": 90 },
        "nws": { "model": "vine_3", "y": 180 },
        "enw": { "model": "vine_3", "y": 270 },
        "enws": { "model": "vine_4" },
        "u": { "model": "vine_u" },
        "us": { "model": "vine_1u" },
        "uw": { "model": "vine_1u", "y": 90 },
        "un": { "model": "vine_1u", "y": 180 },
        "ue": { "model": "vine_1u", "y": 270 },
        "uen": { "model": "vine_2u" },
        "ues": { "model": "vine_2u", "y": 90 },
        "uws": { "model": "vine_2u", "y": 180 },
        "unw": { "model": "vine_2u", "y": 270 },
        "uew": { "model": "vine_2u_opposite" },
        "uns": { "model": "vine_2u_opposite", "y": 90 },
        "uens": { "model": "vine_3u" },
        "uews": { "model": "vine_3u", "y": 90 },
        "unws": { "model": "vine_3u", "y": 180 },
        "uenw": { "model": "vine_3u", "y": 270 },
        "uenws": { "model": "vine_4u" }
    }
}
