{
  "id": "1.13-pre7",
  "type": "snapshot",
  "time": "2018-07-10T14:21:42+00:00",
  "releaseTime": "2018-07-10T14:21:42+00:00",
  "url": "https://piston-meta.mojang.com/v1/packages/31af1da692c303e96a151d4cb5d0c08fae9c243b/1.13-pre7.json",
  "assets": "1.13",
  "asset_index": "https://launchermeta.mojang.com/v1/packages/23981354446ddc141dcf03cc4bfa6b2a9492aa90/1.13.json",
  "client": "https://launcher.mojang.com/v1/objects/0b5d9df7bc2d0e4fd00d0bf7cf4409b999567497/client.jar",
  "client_mappings": null,
  "server": "https://launcher.mojang.com/v1/objects/6cd8348fadedaa1de5851f449b995c835bb569eb/server.jar",
  "server_mappings": null
}