{
  "id": "18w19b",
  "type": "snapshot",
  "time": "2018-05-09T10:00:51+00:00",
  "releaseTime": "2018-05-09T10:00:51+00:00",
  "url": "https://piston-meta.mojang.com/v1/packages/b61e982949acfe2cc3f5b2e5b9be058396a85f95/18w19b.json",
  "assets": "1.13",
  "asset_index": "https://launchermeta.mojang.com/v1/packages/23981354446ddc141dcf03cc4bfa6b2a9492aa90/1.13.json",
  "client": "https://launcher.mojang.com/v1/objects/6e5306869f9644e0a91f23345b4f445742daf5cc/client.jar",
  "client_mappings": null,
  "server": "https://launcher.mojang.com/v1/objects/87edb914af0594016fab77eaaa9d25c7f1f1d132/server.jar",
  "server_mappings": null
}