{
  "id": "1.14.3-pre2",
  "type": "snapshot",
  "time": "2019-06-07T09:11:29+00:00",
  "releaseTime": "2019-06-07T09:11:29+00:00",
  "url": "https://piston-meta.mojang.com/v1/packages/d13fcddba357336276798124d5ad91cb5071db34/1.14.3-pre2.json",
  "assets": "1.14",
  "asset_index": "https://launchermeta.mojang.com/v1/packages/d6c94fad4f7a03a8e46083c023926515fc0e551e/1.14.json",
  "client": "https://launcher.mojang.com/v1/objects/a9358d6b2ac6025923155b46dc26cc74523ac130/client.jar",
  "client_mappings": null,
  "server": "https://launcher.mojang.com/v1/objects/64caea4b63611111d775e4558341cb9718a6ff4f/server.jar",
  "server_mappings": null
}