{
  "id": "1.12.2",
  "type": "release",
  "time": "2017-09-18T08:39:46+00:00",
  "releaseTime": "2017-09-18T08:39:46+00:00",
  "url": "https://piston-meta.mojang.com/v1/packages/cfd75871c03119093d7c96a6a99f21137d00c855/1.12.2.json",
  "assets": "1.12",
  "asset_index": "https://launchermeta.mojang.com/v1/packages/1584b57c1a0b5e593fad1f5b8f78536ca640547b/1.12.json",
  "client": "https://launcher.mojang.com/v1/objects/0f275bc1547d01fa5f56ba34bdc87d981ee12daf/client.jar",
  "client_mappings": null,
  "server": "https://launcher.mojang.com/v1/objects/886945bfb2b978778c3a0288fd7fab09d315b25f/server.jar",
  "server_mappings": null
}