{
  "id": "18w10b",
  "type": "snapshot",
  "time": "2018-03-07T15:56:01+00:00",
  "releaseTime": "2018-03-07T15:56:01+00:00",
  "url": "https://piston-meta.mojang.com/v1/packages/6b5e66fdd49b953cc3a045e0eca8fbd0ca6f2c0f/18w10b.json",
  "assets": "1.13",
  "asset_index": "https://launchermeta.mojang.com/v1/packages/23981354446ddc141dcf03cc4bfa6b2a9492aa90/1.13.json",
  "client": "https://launcher.mojang.com/v1/objects/383e0396f585fcc5a487f04fcb77a9743a0e44c3/client.jar",
  "client_mappings": null,
  "server": "https://launcher.mojang.com/v1/objects/b45d7194b91327c8fd2c1d0d5a738b80c9600562/server.jar",
  "server_mappings": null
}