{
  "id": "1.14.4-pre5",
  "type": "snapshot",
  "time": "2019-07-11T10:52:33+00:00",
  "releaseTime": "2019-07-11T10:52:33+00:00",
  "url": "https://piston-meta.mojang.com/v1/packages/edae35914121182e2253dabdb6ad37e9219dfd1a/1.14.4-pre5.json",
  "assets": "1.14",
  "asset_index": "https://launchermeta.mojang.com/v1/packages/d6c94fad4f7a03a8e46083c023926515fc0e551e/1.14.json",
  "client": "https://launcher.mojang.com/v1/objects/db91103c10795811477ec33589b2e1cf452f43f2/client.jar",
  "client_mappings": null,
  "server": "https://launcher.mojang.com/v1/objects/f45379dfa2ecd946a2ed81c354225a4181261333/server.jar",
  "server_mappings": null
}