{
  "id": "15w35d",
  "type": "snapshot",
  "time": "2015-08-28T16:25:35+00:00",
  "releaseTime": "2015-08-28T16:25:35+00:00",
  "url": "https://piston-meta.mojang.com/v1/packages/f7eeb1ed37ec5c38cd8a04ba1fe90a50a1b24752/15w35d.json",
  "assets": "1.8",
  "asset_index": "https://launchermeta.mojang.com/v1/packages/f6ad102bcaa53b1a58358f16e376d548d44933ec/1.8.json",
  "client": "https://launcher.mojang.com/v1/objects/6f28a53808e5ae69b4538580d35a235bd09eca93/client.jar",
  "client_mappings": null,
  "server": "https://launcher.mojang.com/v1/objects/ed244d36678d875b979f81dbea05acacb89dc4d1/server.jar",
  "server_mappings": null
}