{
  "id": "15w38a",
  "type": "snapshot",
  "time": "2015-09-16T14:22:31+00:00",
  "releaseTime": "2015-09-16T14:22:31+00:00",
  "url": "https://piston-meta.mojang.com/v1/packages/1b4dcb4c07599a5e5571d9d71570641086e821e4/15w38a.json",
  "assets": "1.8",
  "asset_index": "https://launchermeta.mojang.com/v1/packages/f6ad102bcaa53b1a58358f16e376d548d44933ec/1.8.json",
  "client": "https://launcher.mojang.com/v1/objects/befc74213863009297e81873644a48c52d94fde2/client.jar",
  "client_mappings": null,
  "server": "https://launcher.mojang.com/v1/objects/9b14cce8545a6f03f16ef52ef8a2725afaea5c1c/server.jar",
  "server_mappings": null
}