{
  "id": "14w25b",
  "type": "snapshot",
  "time": "2014-06-19T12:29:48+00:00",
  "releaseTime": "2014-06-19T12:29:48+00:00",
  "url": "https://piston-meta.mojang.com/v1/packages/d8b348b5a412e809748f35f694fe5dc395a83b3a/14w25b.json",
  "assets": "14w25a",
  "asset_index": "https://launchermeta.mojang.com/v1/packages/32ff354a3be1c4dd83027111e6d79ee4d701d2c0/14w25a.json",
  "client": "https://launcher.mojang.com/v1/objects/43ddd4b49640512da54df98a33d7f863313993a7/client.jar",
  "client_mappings": null,
  "server": "https://launcher.mojang.com/v1/objects/29209a8e73b6f4afa691d0682aa848c2a1f52dd7/server.jar",
  "server_mappings": null
}