{
  "id": "1.13.1-pre1",
  "type": "snapshot",
  "time": "2018-08-16T13:08:44+00:00",
  "releaseTime": "2018-08-16T13:08:44+00:00",
  "url": "https://piston-meta.mojang.com/v1/packages/1e3b24bfa2f1c5612161faadf6612d9060d8ae4e/1.13.1-pre1.json",
  "assets": "1.13.1",
  "asset_index": "https://launchermeta.mojang.com/v1/packages/6d78d53da5ac7158e2f725056312edf9871dfbb1/1.13.1.json",
  "client": "https://launcher.mojang.com/v1/objects/7f7ae07cc319346b632f6c9f26ff8c67728b203c/client.jar",
  "client_mappings": null,
  "server": "https://launcher.mojang.com/v1/objects/988fec4e71e5fa1fc29a50230de05a11973d62ab/server.jar",
  "server_mappings": null
}