{
  "id": "1.1",
  "type": "release",
  "time": "2012-01-11T22:00:00+00:00",
  "releaseTime": "2012-01-11T22:00:00+00:00",
  "url": "https://piston-meta.mojang.com/v1/packages/1c1aaa3dea5155b549d4baf3491e3f5f564c3b8b/1.1.json",
  "assets": "pre-1.6",
  "asset_index": "https://launchermeta.mojang.com/v1/packages/4759bad2824e419da9db32861fcdc3a274336532/pre-1.6.json",
  "client": "https://launcher.mojang.com/v1/objects/f690d4136b0026d452163538495b9b0e8513d718/client.jar",
  "client_mappings": null,
  "server": null,
  "server_mappings": null
}