{
  "id": "21w06a",
  "type": "snapshot",
  "time": "2021-02-10T17:13:54+00:00",
  "releaseTime": "2021-02-10T17:13:54+00:00",
  "url": "https://piston-meta.mojang.com/v1/packages/62dabf23ce0e62374867305fd5c1220409d10c8a/21w06a.json",
  "assets": "1.17",
  "asset_index": "https://launchermeta.mojang.com/v1/packages/778121f761dc8276a01d91120d54f33137b4c61b/1.17.json",
  "client": "https://launcher.mojang.com/v1/objects/50a88791b64547d5325018270e0a5a71f8d4fc03/client.jar",
  "client_mappings": "https://launcher.mojang.com/v1/objects/2f99b29b39bb18ac67677d7876859c09cc1f85a3/client.txt",
  "server": "https://launcher.mojang.com/v1/objects/6290ba4b475fca4a74de990c7fd8eccffd9654dd/server.jar",
  "server_mappings": "https://launcher.mojang.com/v1/objects/c4e373406d2166580c33b075c2d05d9d2fb18d43/server.txt"
}