{
  "id": "1.8.2-pre3",
  "type": "snapshot",
  "time": "2015-01-15T16:44:33+00:00",
  "releaseTime": "2015-01-15T16:44:33+00:00",
  "url": "https://piston-meta.mojang.com/v1/packages/3d371e2f8c3b04b44c76ae908a1e6f800895aa80/1.8.2-pre3.json",
  "assets": "1.8",
  "asset_index": "https://launchermeta.mojang.com/v1/packages/f6ad102bcaa53b1a58358f16e376d548d44933ec/1.8.json",
  "client": "https://launcher.mojang.com/v1/objects/672b075aa0fc7d4761aebc1ad68dc2c95e764f42/client.jar",
  "client_mappings": null,
  "server": "https://launcher.mojang.com/v1/objects/dd98a2d8148cdaa92fc0deb4201186d552201314/server.jar",
  "server_mappings": null
}