{
  "id": "1.9.3-pre3",
  "type": "snapshot",
  "time": "2016-05-03T09:28:11+00:00",
  "releaseTime": "2016-05-03T09:28:11+00:00",
  "url": "https://piston-meta.mojang.com/v1/packages/2f6bb7de07c0784fe63d6edda19b0b80dcb45411/1.9.3-pre3.json",
  "assets": "1.9",
  "asset_index": "https://launchermeta.mojang.com/v1/packages/06cc9a2c5ce504dc712ea2f699e4d645c48416dd/1.9.json",
  "client": "https://launcher.mojang.com/v1/objects/364766592529c4a74397ea33ef1f10eb01cad872/client.jar",
  "client_mappings": null,
  "server": "https://launcher.mojang.com/v1/objects/ef902371fa5cbb50288b4801f9e58432c627d8e7/server.jar",
  "server_mappings": null
}