{
  "category": "music",
  "sounds": [
    {
      "type": "event",
      "name": "music.game"
    },
    {
      "name": "music/game/creative/creative1",
      "stream": true
    },
    {
      "name": "music/game/creative/creative2",
      "stream": true
    },
    {
      "name": "music/game/creative/creative3",
      "stream": true
    },
    {
      "name": "music/game/creative/creative4",
      "stream": true
    },
    {
      "name": "music/game/creative/creative5",
      "stream": true
    },
    {
      "name": "music/game/creative/creative6",
      "stream": true
    }
  ]
}