{
  "id": "19w42a",
  "type": "snapshot",
  "time": "2019-10-16T15:30:39+00:00",
  "releaseTime": "2019-10-16T15:30:39+00:00",
  "url": "https://piston-meta.mojang.com/v1/packages/ac1a6a7f15382cda12878d5e304c6a34ed6349d5/19w42a.json",
  "assets": "1.15",
  "asset_index": "https://launchermeta.mojang.com/v1/packages/3b41ad81220d2f21ff5b343629de725047dac13d/1.15.json",
  "client": "https://launcher.mojang.com/v1/objects/6c40e373f7811321fef635c87b14686ef024b484/client.jar",
  "client_mappings": "https://launcher.mojang.com/v1/objects/d8dbd51040b461216e266c4e1b41a5e0ac54b8bb/client.txt",
  "server": "https://launcher.mojang.com/v1/objects/1f8673dee28ff3a1714e17780f6b91d5372fe440/server.jar",
  "server_mappings": "https://launcher.mojang.com/v1/objects/e168ede1839b96e5ddf1334ab7d7ef20d7f69956/server.txt"
}