{
  "id": "15w42a",
  "type": "snapshot",
  "time": "2015-10-14T13:25:14+00:00",
  "releaseTime": "2015-10-14T13:25:14+00:00",
  "url": "https://piston-meta.mojang.com/v1/packages/7b18842c1dbbe945d991851ffaff49ecd7efbb91/15w42a.json",
  "assets": "1.8",
  "asset_index": "https://launchermeta.mojang.com/v1/packages/f6ad102bcaa53b1a58358f16e376d548d44933ec/1.8.json",
  "client": "https://launcher.mojang.com/v1/objects/8205907ebd8bbb4e328e0db193ffe4b1727d191a/client.jar",
  "client_mappings": null,
  "server": "https://launcher.mojang.com/v1/objects/d789ab5179e3bb5d298d82570ee123457cfdfb94/server.jar",
  "server_mappings": null
}