{
    "__comment": "Fair warning, this format is highly likely to change in the future!",
    "name": "cactus",
    "useAmbientOcclusion": false,
    "faces": [
        {
            "cullFacing": "down",
            "textureFacing": "down",
            "shade": 0.5,
            "vertices": [
                {
                    "position": [ 0.0, 0.0, 1.0 ],
                    "texcoord": [ 0, 16 ]
                },
                {
                    "position": [ 0.0, 0.0, 0.0 ],
                    "texcoord": [ 0, 0 ]
                },
                {
                    "position": [ 1.0, 0.0, 0.0 ],
                    "texcoord": [ 16, 0 ]
                },
                {
                    "position": [ 1.0, 0.0, 1.0 ],
                    "texcoord": [ 16, 16 ]
                }
            ]
        },
        {
            "cullFacing": "up",
            "textureFacing": "up",
            "shade": 1.0,
            "vertices": [
                {
                    "position": [ 1.0, 1.0, 1.0 ],
                    "texcoord": [ 16, 16 ]
                },
                {
                    "position": [ 1.0, 1.0, 0.0 ],
                    "texcoord": [ 16, 0 ]
                },
                {
                    "position": [ 0.0, 1.0, 0.0 ],
                    "texcoord": [ 0, 0 ]
                },
                {
                    "position": [ 0.0, 1.0, 1.0 ],
                    "texcoord": [ 0, 16 ]
                }
            ]
        },
        {
            "cullFacing": "none",
            "textureFacing": "north",
            "shade": 0.8,
            "vertices": [
                {
                    "position": [ 0.0, 1.0, 0.0625 ],
                    "texcoord": [ 16, 0 ]
                },
                {
                    "position": [ 1.0, 1.0, 0.0625 ],
                    "texcoord": [ 0, 0 ]
                },
                {
                    "position": [ 1.0, 0.0, 0.0625 ],
                    "texcoord": [ 0, 16 ]
                },
                {
                    "position": [ 0.0, 0.0, 0.0625 ],
                    "texcoord": [ 16, 16 ]
                }
            ]
        },
        {
            "cullFacing": "none",
            "textureFacing": "south",
            "shade": 0.8,
            "vertices": [
                {
                    "position": [ 0.0, 1.0, 0.9375 ],
                    "texcoord": [ 0, 0 ]
                },
                {
                    "position": [ 0.0, 0.0, 0.9375 ],
                    "texcoord": [ 0, 16 ]
                },
                {
                    "position": [ 1.0, 0.0, 0.9375 ],
                    "texcoord": [ 16, 16 ]
                },
                {
                    "position": [ 1.0, 1.0, 0.9375 ],
                    "texcoord": [ 16, 0 ]
                }
            ]
        },
        {
            "cullFacing": "none",
            "textureFacing": "west",
            "shade": 0.6,
            "vertices": [
                {
                    "position": [ 0.0625, 1.0, 1.0 ],
                    "texcoord": [ 16, 0 ]
                },
                {
                    "position": [ 0.0625, 1.0, 0.0 ],
                    "texcoord": [ 0, 0 ]
                },
                {
                    "position": [ 0.0625, 0.0, 0.0 ],
                    "texcoord": [ 0, 16 ]
                },
                {
                    "position": [ 0.0625, 0.0, 1.0 ],
                    "texcoord": [ 16, 16 ]
                }
            ]
        },
        {
            "cullFacing": "none",
            "textureFacing": "east",
            "shade": 0.6,
            "vertices": [
                {
                    "position": [ 0.9375, 0.0, 1.0 ],
                    "texcoord": [ 0, 16 ]
                },
                {
                    "position": [ 0.9375, 0.0, 0.0 ],
                    "texcoord": [ 16, 16 ]
                },
                {
                    "position": [ 0.9375, 1.0, 0.0 ],
                    "texcoord": [ 16, 0 ]
                },
                {
                    "position": [ 0.9375, 1.0, 1.0 ],
                    "texcoord": [ 0, 0 ]
                }
            ]
        }
    ]
}
