{
    "__comment": "Fair warning, this format is highly likely to change in the future!",
    "name": "flower",
    "useAmbientOcclusion": false,
    "randomOffsetX": true,
    "randomOffsetZ": true,
    "inventoryRender3D": false,
    "faces": [
        {
            "cullFacing": "none",
            "tint": false,
            "vertices": [
                {
                    "position": [ 0.05, 1.0, 0.05 ],
                    "texcoord": [ 0, 0 ]
                },
                {
                    "position": [ 0.05, 0.0, 0.05 ],
                    "texcoord": [ 0, 16 ]
                },
                {
                    "position": [ 0.95, 0.0, 0.95 ],
                    "texcoord": [ 16, 16 ]
                },
                {
                    "position": [ 0.95, 1.0, 0.95 ],
                    "texcoord": [ 16, 0 ]
                }
            ]
        },
        {
            "cullFacing": "none",
            "tint": false,
            "vertices": [
                {
                    "position": [ 0.95, 1.0, 0.95 ],
                    "texcoord": [ 0, 0 ]
                },
                {
                    "position": [ 0.95, 0.0, 0.95 ],
                    "texcoord": [ 0, 16 ]
                },
                {
                    "position": [ 0.05, 0.0, 0.05 ],
                    "texcoord": [ 16, 16 ]
                },
                {
                    "position": [ 0.05, 1.0, 0.05 ],
                    "texcoord": [ 16, 0 ]
                }
            ]
        },
        {
            "cullFacing": "none",
            "tint": false,
            "vertices": [
                {
                    "position": [ 0.05, 1.0, 0.95 ],
                    "texcoord": [ 0, 0 ]
                },
                {
                    "position": [ 0.05, 0.0, 0.95 ],
                    "texcoord": [ 0, 16 ]
                },
                {
                    "position": [ 0.95, 0.0, 0.05 ],
                    "texcoord": [ 16, 16 ]
                },
                {
                    "position": [ 0.95, 1.0, 0.05 ],
                    "texcoord": [ 16, 0 ]
                }
            ]
        },
        {
            "cullFacing": "none",
            "tint": false,
            "vertices": [
                {
                    "position": [ 0.95, 1.0, 0.05 ],
                    "texcoord": [ 0, 0 ]
                },
                {
                    "position": [ 0.95, 0.0, 0.05 ],
                    "texcoord": [ 0, 16 ]
                },
                {
                    "position": [ 0.05, 0.0, 0.95 ],
                    "texcoord": [ 16, 16 ]
                },
                {
                    "position": [ 0.05, 1.0, 0.95 ],
                    "texcoord": [ 16, 0 ]
                }
            ]
        }
    ]
}
