{
    "__comment": "Fair warning, this format is highly likely to change in the future!",
    "name": "torch0",
    "useAmbientOcclusion": false,
    "inventoryRender3D": false,
    "faces": [
        {
            "cullFacing": "down",
            "textureFacing": "down",
            "tint": false,
            "vertices": [
                {
                    "position": [ 0.5625, 0.0, 0.4375 ],
                    "texcoord": [ 9, 13 ]
                },
                {
                    "position": [ 0.5625, 0.0, 0.5625 ],
                    "texcoord": [ 9, 15 ]
                },
                {
                    "position": [ 0.4375, 0.0, 0.5625 ],
                    "texcoord": [ 13, 15 ]
                },
                {
                    "position": [ 0.4375, 0.0, 0.4375 ],
                    "texcoord": [ 13, 13 ]
                }
            ]
        },
        {
            "cullFacing": "none",
            "textureFacing": "down",
            "vertices": [
                {
                    "position": [ 0.4375, 0.625, 0.4375 ],
                    "texcoord": [ 7, 6 ]
                },
                {
                    "position": [ 0.4375, 0.625, 0.5625 ],
                    "texcoord": [ 7, 8 ]
                },
                {
                    "position": [ 0.5625, 0.625, 0.5625 ],
                    "texcoord": [ 9, 8 ]
                },
                {
                    "position": [ 0.5625, 0.625, 0.4375 ],
                    "texcoord": [ 9, 6 ]
                }
            ]
        },
        {
            "cullFacing": "none",
            "textureFacing": "down",
            "vertices": [
                {
                    "position": [ 0.4375, 1.0, 0.0 ],
                    "texcoord": [ 0, 0 ]
                },
                {
                    "position": [ 0.4375, 0.0, 0.0 ],
                    "texcoord": [ 0, 16 ]
                },
                {
                    "position": [ 0.4375, 0.0, 1.0 ],
                    "texcoord": [ 16, 16 ]
                },
                {
                    "position": [ 0.4375, 1.0, 1.0 ],
                    "texcoord": [ 16, 0 ]
                }
            ]
        },
        {
            "cullFacing": "none",
            "textureFacing": "down",
            "vertices": [
                {
                    "position": [ 0.5625, 1.0, 1.0 ],
                    "texcoord": [ 0, 0 ]
                },
                {
                    "position": [ 0.5625, 0.0, 1.0 ],
                    "texcoord": [ 0, 16 ]
                },
                {
                    "position": [ 0.5625, 0.0, 0.0 ],
                    "texcoord": [ 16, 16 ]
                },
                {
                    "position": [ 0.5625, 1.0, 0.0 ],
                    "texcoord": [ 16, 0 ]
                }
            ]
        },
        {
            "cullFacing": "none",
            "textureFacing": "down",
            "vertices": [
                {
                    "position": [ 0.0, 1.0, 0.5625 ],
                    "texcoord": [ 0, 0 ]
                },
                {
                    "position": [ 0.0, 0.0, 0.5625 ],
                    "texcoord": [ 0, 16 ]
                },
                {
                    "position": [ 1.0, 0.0, 0.5625 ],
                    "texcoord": [ 16, 16 ]
                },
                {
                    "position": [ 1.0, 1.0, 0.5625 ],
                    "texcoord": [ 16, 0 ]
                }
            ]
        },
        {
            "cullFacing": "none",
            "textureFacing": "down",
            "vertices": [
                {
                    "position": [ 1.0, 1.0, 0.4375 ],
                    "texcoord": [ 0, 0 ]
                },
                {
                    "position": [ 1.0, 0.0, 0.4375 ],
                    "texcoord": [ 0, 16 ]
                },
                {
                    "position": [ 0.0, 0.0, 0.4375 ],
                    "texcoord": [ 16, 16 ]
                },
                {
                    "position": [ 0.0, 1.0, 0.4375 ],
                    "texcoord": [ 16, 0 ]
                }
            ]
        }
    ]
}
