{
  "id": "16w42a",
  "type": "snapshot",
  "time": "2016-10-19T11:17:47+00:00",
  "releaseTime": "2016-10-19T11:17:47+00:00",
  "url": "https://piston-meta.mojang.com/v1/packages/989eda4f27b8585d7c36c7f01fec664639dcf3d7/16w42a.json",
  "assets": "1.11",
  "asset_index": "https://launchermeta.mojang.com/v1/packages/4fa7f939c7e9902e6c674ad1d00358f8c08d7b8e/1.11.json",
  "client": "https://launcher.mojang.com/v1/objects/3742e2ccb78ef02f1820f7dc73f5aafcf8c213a8/client.jar",
  "client_mappings": null,
  "server": "https://launcher.mojang.com/v1/objects/ad6aa39daf88864fcd84b231638e3dc28bde83f3/server.jar",
  "server_mappings": null
}