{
  "id": "1.13",
  "type": "release",
  "time": "2018-07-18T15:11:46+00:00",
  "releaseTime": "2018-07-18T15:11:46+00:00",
  "url": "https://piston-meta.mojang.com/v1/packages/54e62e6c77c38f0094357d7d85a3c63a2b2f3dce/1.13.json",
  "assets": "1.13",
  "asset_index": "https://launchermeta.mojang.com/v1/packages/23981354446ddc141dcf03cc4bfa6b2a9492aa90/1.13.json",
  "client": "https://launcher.mojang.com/v1/objects/c0b970952cdd279912da384cdbfc0c26e6c6090b/client.jar",
  "client_mappings": null,
  "server": "https://launcher.mojang.com/v1/objects/d0caafb8438ebd206f99930cfaecfa6c9a13dca0/server.jar",
  "server_mappings": null
}