{
  "id": "18w07c",
  "type": "snapshot",
  "time": "2018-02-16T13:23:32+00:00",
  "releaseTime": "2018-02-16T13:23:32+00:00",
  "url": "https://piston-meta.mojang.com/v1/packages/3b11ace342a976858186c25b4939f72358390d85/18w07c.json",
  "assets": "1.13",
  "asset_index": "https://launchermeta.mojang.com/v1/packages/23981354446ddc141dcf03cc4bfa6b2a9492aa90/1.13.json",
  "client": "https://launcher.mojang.com/v1/objects/3d5865b5bf013f84e44c3f096193aa45c672bb51/client.jar",
  "client_mappings": null,
  "server": "https://launcher.mojang.com/v1/objects/52e141870c3c850811710f2ba07eb3e7e583ea92/server.jar",
  "server_mappings": null
}