{
  "id": "18w15a",
  "type": "snapshot",
  "time": "2018-04-11T14:54:22+00:00",
  "releaseTime": "2018-04-11T14:54:22+00:00",
  "url": "https://piston-meta.mojang.com/v1/packages/d12a23f6fcc83dfe4aa7bada51cb232d81de5efa/18w15a.json",
  "assets": "1.13",
  "asset_index": "https://launchermeta.mojang.com/v1/packages/23981354446ddc141dcf03cc4bfa6b2a9492aa90/1.13.json",
  "client": "https://launcher.mojang.com/v1/objects/ba02c440e50e0197a13cef03ca2356c8cc51f058/client.jar",
  "client_mappings": null,
  "server": "https://launcher.mojang.com/v1/objects/3f9534ab77a524593db7a20196e41ae36b23d69d/server.jar",
  "server_mappings": null
}