{
  "id": "21w05a",
  "type": "snapshot",
  "time": "2021-02-03T15:56:54+00:00",
  "releaseTime": "2021-02-03T15:56:54+00:00",
  "url": "https://piston-meta.mojang.com/v1/packages/f7477cfc9c5a1348050e8fe226d6365840810de2/21w05a.json",
  "assets": "1.17",
  "asset_index": "https://launchermeta.mojang.com/v1/packages/778121f761dc8276a01d91120d54f33137b4c61b/1.17.json",
  "client": "https://launcher.mojang.com/v1/objects/225bda6c3721a464e9f772a1ca96db2d5df246b9/client.jar",
  "client_mappings": "https://launcher.mojang.com/v1/objects/ff8c347ba40523b6d15610a3b1eb43358e00c926/client.txt",
  "server": "https://launcher.mojang.com/v1/objects/ff10b6f3bb37799e933ff0c2c300626b78ebfb1d/server.jar",
  "server_mappings": "https://launcher.mojang.com/v1/objects/9a9e43e4ebb1387b0843ace8babd975ea563c218/server.txt"
}