{
  "id": "1.0",
  "type": "release",
  "time": "2011-11-17T22:00:00+00:00",
  "releaseTime": "2011-11-17T22:00:00+00:00",
  "url": "https://piston-meta.mojang.com/v1/packages/edfc56a64dfc6430665d745264732db53b0d1b41/1.0.json",
  "assets": "pre-1.6",
  "asset_index": "https://launchermeta.mojang.com/v1/packages/4759bad2824e419da9db32861fcdc3a274336532/pre-1.6.json",
  "client": "https://launcher.mojang.com/v1/objects/b679fea27f2284836202e9365e13a82552092e5d/client.jar",
  "client_mappings": null,
  "server": null,
  "server_mappings": null
}