{
    "__comment": "Fair warning, this format is highly likely to change in the future!",
    "name": "torch4",
    "useAmbientOcclusion": false,
    "inventoryRender3D": false,
    "faces": [
        {
            "cullFacing": "none",
            "textureFacing": "down",
            "tint": false,
            "vertices": [
                {
                    "position": [ 0.4375, 0.825, 0.6875 ],
                    "texcoord": [ 7, 6 ]
                },
                {
                    "position": [ 0.4375, 0.825, 0.8125 ],
                    "texcoord": [ 7, 8 ]
                },
                {
                    "position": [ 0.5625, 0.825, 0.8125 ],
                    "texcoord": [ 9, 8 ]
                },
                {
                    "position": [ 0.5625, 0.825, 0.6875 ],
                    "texcoord": [ 9, 6 ]
                }
            ]
        },
        {
            "cullFacing": "none",
            "textureFacing": "down",
            "vertices": [
                {
                    "position": [ 0.5625, 0.2, 0.9375 ],
                    "texcoord": [ 9, 13 ]
                },
                {
                    "position": [ 0.5625, 0.2, 1.0625 ],
                    "texcoord": [ 9, 15 ]
                },
                {
                    "position": [ 0.4375, 0.2, 1.0625 ],
                    "texcoord": [ 7, 15 ]
                },
                {
                    "position": [ 0.4375, 0.2, 0.9375 ],
                    "texcoord": [ 7, 13 ]
                }
            ]
        },
        {
            "cullFacing": "none",
            "textureFacing": "down",
            "vertices": [
                {
                    "position": [ 0.4375, 1.2, 0.1 ],
                    "texcoord": [ 0, 0 ]
                },
                {
                    "position": [ 0.4375, 0.2, 0.5 ],
                    "texcoord": [ 0, 16 ]
                },
                {
                    "position": [ 0.4375, 0.2, 1.5 ],
                    "texcoord": [ 16, 16 ]
                },
                {
                    "position": [ 0.4375, 1.2, 1.1 ],
                    "texcoord": [ 16, 0 ]
                }
            ]
        },
        {
            "cullFacing": "none",
            "textureFacing": "down",
            "vertices": [
                {
                    "position": [ 0.5625, 1.2, 1.1 ],
                    "texcoord": [ 0, 0 ]
                },
                {
                    "position": [ 0.5625, 0.2, 1.5 ],
                    "texcoord": [ 0, 16 ]
                },
                {
                    "position": [ 0.5625, 0.2, 0.5 ],
                    "texcoord": [ 16, 16 ]
                },
                {
                    "position": [ 0.5625, 1.2, 0.1 ],
                    "texcoord": [ 16, 0 ]
                }
            ]
        },
        {
            "cullFacing": "none",
            "textureFacing": "down",
            "vertices": [
                {
                    "position": [ 0.0, 1.2, 0.6625 ],
                    "texcoord": [ 0, 0 ]
                },
                {
                    "position": [ 0.0, 0.2, 1.0625 ],
                    "texcoord": [ 0, 16 ]
                },
                {
                    "position": [ 1.0, 0.2, 1.0625 ],
                    "texcoord": [ 16, 16 ]
                },
                {
                    "position": [ 1.0, 1.2, 0.6625 ],
                    "texcoord": [ 16, 0 ]
                }
            ]
        },
        {
            "cullFacing": "none",
            "textureFacing": "down",
            "vertices": [
                {
                    "position": [ 1.0, 1.2, 0.5375 ],
                    "texcoord": [ 0, 0 ]
                },
                {
                    "position": [ 1.0, 0.2, 0.9375 ],
                    "texcoord": [ 0, 16 ]
                },
                {
                    "position": [ 0.0, 0.2, 0.9375 ],
                    "texcoord": [ 16, 16 ]
                },
                {
                    "position": [ 0.0, 1.2, 0.5375 ],
                    "texcoord": [ 16, 0 ]
                }
            ]
        }
    ]
}
