{
    "__comment": "Fair warning, this format is highly likely to change in the future!",
    "name": "torch2",
    "useAmbientOcclusion": false,
    "inventoryRender3D": false,
    "faces": [
        {
            "cullFacing": "none",
            "textureFacing": "down",
            "tint": false,
            "vertices": [
                {
                    "position": [ 0.6875, 0.825, 0.4375 ],
                    "texcoord": [ 7, 6 ]
                },
                {
                    "position": [ 0.6875, 0.825, 0.5625 ],
                    "texcoord": [ 7, 8 ]
                },
                {
                    "position": [ 0.8125, 0.825, 0.5625 ],
                    "texcoord": [ 9, 8 ]
                },
                {
                    "position": [ 0.8125, 0.825, 0.4375 ],
                    "texcoord": [ 9, 6 ]
                }
            ]
        },
        {
            "cullFacing": "none",
            "textureFacing": "down",
            "vertices": [
                {
                    "position": [ 1.0625, 0.2, 0.4375 ],
                    "texcoord": [ 9, 13 ]
                },
                {
                    "position": [ 1.0625, 0.2, 0.5625 ],
                    "texcoord": [ 9, 15 ]
                },
                {
                    "position": [ 0.9375, 0.2, 0.5625 ],
                    "texcoord": [ 7, 15 ]
                },
                {
                    "position": [ 0.9375, 0.2, 0.4375 ],
                    "texcoord": [ 7, 13 ]
                }
            ]
        },
        {
            "cullFacing": "none",
            "textureFacing": "down",
            "vertices": [
                {
                    "position": [ 0.5375, 1.2, 0.0 ],
                    "texcoord": [ 0, 0 ]
                },
                {
                    "position": [ 0.9375, 0.2, 0.0 ],
                    "texcoord": [ 0, 16 ]
                },
                {
                    "position": [ 0.9375, 0.2, 1.0 ],
                    "texcoord": [ 16, 16 ]
                },
                {
                    "position": [ 0.5375, 1.2, 1.0 ],
                    "texcoord": [ 16, 0 ]
                }
            ]
        },
        {
            "cullFacing": "none",
            "textureFacing": "down",
            "vertices": [
                {
                    "position": [ 0.6625, 1.2, 1.0 ],
                    "texcoord": [ 0, 0 ]
                },
                {
                    "position": [ 1.0625, 0.2, 1.0 ],
                    "texcoord": [ 0, 16 ]
                },
                {
                    "position": [ 1.0625, 0.2, 0.0 ],
                    "texcoord": [ 16, 16 ]
                },
                {
                    "position": [ 0.6625, 1.2, 0.0 ],
                    "texcoord": [ 16, 0 ]
                }
            ]
        },
        {
            "cullFacing": "none",
            "textureFacing": "down",
            "vertices": [
                {
                    "position": [ 0.1, 1.2, 0.5625 ],
                    "texcoord": [ 0, 0 ]
                },
                {
                    "position": [ 0.5, 0.2, 0.5625 ],
                    "texcoord": [ 0, 16 ]
                },
                {
                    "position": [ 1.5, 0.2, 0.5625 ],
                    "texcoord": [ 16, 16 ]
                },
                {
                    "position": [ 1.1, 1.2, 0.5625 ],
                    "texcoord": [ 16, 0 ]
                }
            ]
        },
        {
            "cullFacing": "none",
            "textureFacing": "down",
            "vertices": [
                {
                    "position": [ 1.1, 1.2, 0.4375 ],
                    "texcoord": [ 0, 0 ]
                },
                {
                    "position": [ 1.5, 0.2, 0.4375 ],
                    "texcoord": [ 0, 16 ]
                },
                {
                    "position": [ 0.5, 0.2, 0.4375 ],
                    "texcoord": [ 16, 16 ]
                },
                {
                    "position": [ 0.1, 1.2, 0.4375 ],
                    "texcoord": [ 16, 0 ]
                }
            ]
        }
    ]
}
