{
  "id": "1.15.2",
  "type": "release",
  "time": "2020-01-17T10:03:52+00:00",
  "releaseTime": "2020-01-17T10:03:52+00:00",
  "url": "https://piston-meta.mojang.com/v1/packages/a134a40902959810875d4642a4ac9c69c37e39a0/1.15.2.json",
  "assets": "1.15",
  "asset_index": "https://launchermeta.mojang.com/v1/packages/3b41ad81220d2f21ff5b343629de725047dac13d/1.15.json",
  "client": "https://launcher.mojang.com/v1/objects/e3f78cd16f9eb9a52307ed96ebec64241cc5b32d/client.jar",
  "client_mappings": "https://launcher.mojang.com/v1/objects/1fbf9f0bc9c326af859b3ccf71c2a8f5edc47ef8/client.txt",
  "server": "https://launcher.mojang.com/v1/objects/bb2b6b1aefcd70dfd1892149ac3a215f6c636b07/server.jar",
  "server_mappings": "https://launcher.mojang.com/v1/objects/8ccf85df7a3a1f1119352b21e9a2f6894f6c3f3a/server.txt"
}