{
  "id": "1.14_combat-3",
  "type": "pending",
  "time": "2019-10-31T14:31:38+00:00",
  "releaseTime": "2019-10-31T14:31:38+00:00",
  "url": "https://launcher.mojang.com/experiments/combat/0f209c9c84b81c7d4c88b4632155b9ae550beb89/1_14_combat-3.zip",
  "assets": "1.14",
  "asset_index": "https://launchermeta.mojang.com/v1/packages/d6c94fad4f7a03a8e46083c023926515fc0e551e/1.14.json",
  "client": "https://launcher.mojang.com/v1/objects/fd8f2712d8d5089f4f0ee817a6f6fbe7f9d4c6f1/client.jar",
  "client_mappings": null,
  "server": "https://launcher.mojang.com/v1/objects/8f8ff833e6c775286a54935dad282f8499578f9a/server.jar",
  "server_mappings": null
}