{
  "id": "1.14.4-pre3",
  "type": "snapshot",
  "time": "2019-07-08T11:21:42+00:00",
  "releaseTime": "2019-07-08T11:21:42+00:00",
  "url": "https://piston-meta.mojang.com/v1/packages/23ea71adf67bfe0159c271e4113ad46a4c7ff8b8/1.14.4-pre3.json",
  "assets": "1.14",
  "asset_index": "https://launchermeta.mojang.com/v1/packages/d6c94fad4f7a03a8e46083c023926515fc0e551e/1.14.json",
  "client": "https://launcher.mojang.com/v1/objects/4e7e41622e1fb083e093b071396dad50168c9613/client.jar",
  "client_mappings": null,
  "server": "https://launcher.mojang.com/v1/objects/b7ed47d4e600c6ead80f4c73c2e080625d07ef6e/server.jar",
  "server_mappings": null
}