{
  "id": "1.14.4-pre2",
  "type": "snapshot",
  "time": "2019-07-04T14:41:05+00:00",
  "releaseTime": "2019-07-04T14:41:05+00:00",
  "url": "https://piston-meta.mojang.com/v1/packages/b781fc09310f223c0304297b7e094a75a5612381/1.14.4-pre2.json",
  "assets": "1.14",
  "asset_index": "https://launchermeta.mojang.com/v1/packages/d6c94fad4f7a03a8e46083c023926515fc0e551e/1.14.json",
  "client": "https://launcher.mojang.com/v1/objects/96f1d6989a86f1bdbf4cc1583a88e6a16f985d17/client.jar",
  "client_mappings": null,
  "server": "https://launcher.mojang.com/v1/objects/a7023b92091ca5872d35b17c8aab1c6daa833a69/server.jar",
  "server_mappings": null
}