{
  "rewards": {
    "recipes": [
      "minecraft:sandstone"
    ]
  },
  "criteria": {
    "has_the_recipe": {
      "trigger": "minecraft:recipe_unlocked",
      "conditions": {
        "recipe": "sandstone"
      }
    },
    "has_sand": {
      "trigger": "minecraft:inventory_changed",
      "conditions": {
        "items": [
          {
            "item": "minecraft:sand",
            "data": 0
          }
        ]
      }
    }
  },
  "requirements": [
    [
      "has_the_recipe",
      "has_sand"
    ]
  ]
}