{
  "rewards": {
    "recipes": [
      "minecraft:spruce_stairs"
    ]
  },
  "criteria": {
    "has_the_recipe": {
      "trigger": "minecraft:recipe_unlocked",
      "conditions": {
        "recipe": "spruce_stairs"
      }
    },
    "has_planks": {
      "trigger": "minecraft:inventory_changed",
      "conditions": {
        "items": [
          {
            "item": "minecraft:planks",
            "data": 1
          }
        ]
      }
    }
  },
  "requirements": [
    [
      "has_the_recipe",
      "has_planks"
    ]
  ]
}