{
  "rewards": {
    "recipes": [
      "minecraft:stone_stairs"
    ]
  },
  "criteria": {
    "has_cobblestone": {
      "trigger": "minecraft:inventory_changed",
      "conditions": {
        "items": [
          {
            "item": "minecraft:cobblestone"
          }
        ]
      }
    },
    "has_the_recipe": {
      "trigger": "minecraft:recipe_unlocked",
      "conditions": {
        "recipe": "stone_stairs"
      }
    }
  },
  "requirements": [
    [
      "has_cobblestone",
      "has_the_recipe"
    ]
  ]
}