{
  "id": "18w10a",
  "type": "snapshot",
  "time": "2018-03-06T15:54:24+00:00",
  "releaseTime": "2018-03-06T15:54:24+00:00",
  "url": "https://piston-meta.mojang.com/v1/packages/aa9bf09ec5b113f3fa0b9ebffbb4348e69ab7f7b/18w10a.json",
  "assets": "1.13",
  "asset_index": "https://launchermeta.mojang.com/v1/packages/23981354446ddc141dcf03cc4bfa6b2a9492aa90/1.13.json",
  "client": "https://launcher.mojang.com/v1/objects/fb24610e6fca6f83e8b45e3a46224601d4ca6c27/client.jar",
  "client_mappings": null,
  "server": "https://launcher.mojang.com/v1/objects/7bb1cfb4560d2e99551b22a631b6087d43817a45/server.jar",
  "server_mappings": null
}