{
  "id": "1.12-pre5",
  "type": "snapshot",
  "time": "2017-05-19T07:43:28+00:00",
  "releaseTime": "2017-05-19T07:43:28+00:00",
  "url": "https://piston-meta.mojang.com/v1/packages/d04e9e6aab9fbbbe0d22c14efa88df91316bd047/1.12-pre5.json",
  "assets": "1.12",
  "asset_index": "https://launchermeta.mojang.com/v1/packages/1584b57c1a0b5e593fad1f5b8f78536ca640547b/1.12.json",
  "client": "https://launcher.mojang.com/v1/objects/87f980355264f222daa292528116281d62231402/client.jar",
  "client_mappings": null,
  "server": "https://launcher.mojang.com/v1/objects/40e76b2836c92cd9e05af61bb64046c8650c088d/server.jar",
  "server_mappings": null
}