{
  "id": "14w27b",
  "type": "snapshot",
  "time": "2014-07-02T18:34:56+00:00",
  "releaseTime": "2014-07-02T18:34:56+00:00",
  "url": "https://piston-meta.mojang.com/v1/packages/08f1ed6374fb9d87e34fe81ab50d19d01e3055dc/14w27b.json",
  "assets": "14w25a",
  "asset_index": "https://launchermeta.mojang.com/v1/packages/32ff354a3be1c4dd83027111e6d79ee4d701d2c0/14w25a.json",
  "client": "https://launcher.mojang.com/v1/objects/11bed76015aaa2d673132d0c5330d3f14c17a988/client.jar",
  "client_mappings": null,
  "server": "https://launcher.mojang.com/v1/objects/c5be337237224f752b2ea09d3a2a00a00b26e14b/server.jar",
  "server_mappings": null
}