{
    "__comment": "Fair warning, this format is highly likely to change even more in the future!",
    "parent": "block/cube",
    "textures": {
        "particle": "blocks/mushroom_block_inside",
        "down": "blocks/mushroom_block_inside",
        "up": "blocks/mushroom_block_skin_brown",
        "north": "blocks/mushroom_block_skin_brown",
        "east": "blocks/mushroom_block_inside",
        "south": "blocks/mushroom_block_inside",
        "west": "blocks/mushroom_block_inside"
    }
}
