{
    "__comment": "Fair warning, this format is highly likely to change even more in the future!",
    "elements": [
        {   "type": "cube",
            "from": [ 0, 0, 0 ],
            "to": [ 16, 13, 16 ],
            "faceData": {
                "down": {
                    "uv": [ 0, 0, 16, 16 ],
                    "textureFacing": "down",
                    "cull": false
                },
                "up": {
                    "uv": [ 0, 0, 16, 16 ],
                    "textureFacing": "up",
                    "cull": false
                },
                "north": {
                    "uv": [ 0, 3, 16, 16 ],
                    "textureFacing": "north",
                    "cull": false
                },
                "south": {
                    "uv": [ 0, 3, 16, 16 ],
                    "textureFacing": "north",
                    "cull": false
                },
                "west": {
                    "uv": [ 0, 3, 16, 16 ],
                    "textureFacing": "north",
                    "cull": false
                },
                "east": {
                    "uv": [ 0, 3, 16, 16 ],
                    "textureFacing": "north",
                    "cull": false
                }
            }
        }
    ]
}
