{
  "rewards": {
    "recipes": [
      "minecraft:bread"
    ]
  },
  "criteria": {
    "has_wheat": {
      "trigger": "minecraft:inventory_changed",
      "conditions": {
        "items": [
          {
            "item": "minecraft:wheat"
          }
        ]
      }
    },
    "has_the_recipe": {
      "trigger": "minecraft:recipe_unlocked",
      "conditions": {
        "recipe": "bread"
      }
    }
  },
  "requirements": [
    [
      "has_wheat"
    ],
    [
      "has_the_recipe"
    ]
  ]
}