{
  "id": "18w20c",
  "type": "snapshot",
  "time": "2018-05-17T14:06:56+00:00",
  "releaseTime": "2018-05-17T14:06:56+00:00",
  "url": "https://piston-meta.mojang.com/v1/packages/7281db0ef1cabf02d34d3f2ed7f07aabfc299740/18w20c.json",
  "assets": "1.13",
  "asset_index": "https://launchermeta.mojang.com/v1/packages/23981354446ddc141dcf03cc4bfa6b2a9492aa90/1.13.json",
  "client": "https://launcher.mojang.com/v1/objects/273595b95fff5080b74cefe18ce0c747d02663ed/client.jar",
  "client_mappings": null,
  "server": "https://launcher.mojang.com/v1/objects/9e0ffb265e3771dc5c7b56f291b9c9d8f668f48b/server.jar",
  "server_mappings": null
}