{
  "id": "18w48a",
  "type": "snapshot",
  "time": "2018-11-29T13:11:38+00:00",
  "releaseTime": "2018-11-29T13:11:38+00:00",
  "url": "https://piston-meta.mojang.com/v1/packages/0061465b249e04ebc24192bf0b96fe51f6d9bfef/18w48a.json",
  "assets": "1.14",
  "asset_index": "https://launchermeta.mojang.com/v1/packages/d6c94fad4f7a03a8e46083c023926515fc0e551e/1.14.json",
  "client": "https://launcher.mojang.com/v1/objects/8c2c778a22201836bf482a8ed06e1b1f994c61e3/client.jar",
  "client_mappings": null,
  "server": "https://launcher.mojang.com/v1/objects/f0f04983d197388b05a4647f7a7cf8b5fbbac5d3/server.jar",
  "server_mappings": null
}