{
  "rewards": {
    "recipes": [
      "minecraft:diamond_chestplate"
    ]
  },
  "criteria": {
    "has_the_recipe": {
      "trigger": "minecraft:recipe_unlocked",
      "conditions": {
        "recipe": "diamond_chestplate"
      }
    },
    "has_diamond": {
      "trigger": "minecraft:inventory_changed",
      "conditions": {
        "items": [
          {
            "item": "minecraft:diamond"
          }
        ]
      }
    }
  },
  "requirements": [
    [
      "has_the_recipe"
    ],
    [
      "has_diamond"
    ]
  ]
}