{
  "id": "18w47b",
  "type": "snapshot",
  "time": "2018-11-23T10:46:41+00:00",
  "releaseTime": "2018-11-23T10:46:41+00:00",
  "url": "https://piston-meta.mojang.com/v1/packages/200c849b8a0baa3492e069a484b36a6d5ad5612d/18w47b.json",
  "assets": "1.14",
  "asset_index": "https://launchermeta.mojang.com/v1/packages/d6c94fad4f7a03a8e46083c023926515fc0e551e/1.14.json",
  "client": "https://launcher.mojang.com/v1/objects/1174ad74afce51a9309f1293af5bf24f60609cee/client.jar",
  "client_mappings": null,
  "server": "https://launcher.mojang.com/v1/objects/fa9d22eea98b62f6663f1aa8a25840e0993485e6/server.jar",
  "server_mappings": null
}