{
  "id": "18w08a",
  "type": "snapshot",
  "time": "2018-02-21T14:59:00+00:00",
  "releaseTime": "2018-02-21T14:59:00+00:00",
  "url": "https://piston-meta.mojang.com/v1/packages/0b76a7b1f67f015222a1c245da516e55ffb3b16a/18w08a.json",
  "assets": "1.13",
  "asset_index": "https://launchermeta.mojang.com/v1/packages/23981354446ddc141dcf03cc4bfa6b2a9492aa90/1.13.json",
  "client": "https://launcher.mojang.com/v1/objects/52cacb4730ddee013b67e10e49b99955b4ec10ea/client.jar",
  "client_mappings": null,
  "server": "https://launcher.mojang.com/v1/objects/09b2bc558d86878ce69f303ddbd62bf4489db068/server.jar",
  "server_mappings": null
}