{
  "id": "21w14a",
  "type": "snapshot",
  "time": "2021-04-07T14:04:09+00:00",
  "releaseTime": "2021-04-07T14:04:09+00:00",
  "url": "https://piston-meta.mojang.com/v1/packages/85ae6f3f88b93215a0947632bee7daee2bd60d66/21w14a.json",
  "assets": "1.17",
  "asset_index": "https://launchermeta.mojang.com/v1/packages/778121f761dc8276a01d91120d54f33137b4c61b/1.17.json",
  "client": "https://launcher.mojang.com/v1/objects/4af7eb4770d3e708d287db3bf023d4bbc60465b0/client.jar",
  "client_mappings": "https://launcher.mojang.com/v1/objects/559d6456faf79734c7663513d5d27368a5288daf/client.txt",
  "server": "https://launcher.mojang.com/v1/objects/0cb279c49ea3afda25c9d7257bef650e8dc17429/server.jar",
  "server_mappings": "https://launcher.mojang.com/v1/objects/339fc034e315b00cc524ba9f9d08ab8e71f831ad/server.txt"
}