{
  "id": "1.8.1-pre4",
  "type": "snapshot",
  "time": "2014-11-06T14:10:50+00:00",
  "releaseTime": "2014-11-06T14:10:50+00:00",
  "url": "https://piston-meta.mojang.com/v1/packages/e9024ad2831e3fc4450977aafe7bb3d07ff0d542/1.8.1-pre4.json",
  "assets": "1.8",
  "asset_index": "https://launchermeta.mojang.com/v1/packages/f6ad102bcaa53b1a58358f16e376d548d44933ec/1.8.json",
  "client": "https://launcher.mojang.com/v1/objects/128be924bcf81890ba024f1ddd2a259ff1895f36/client.jar",
  "client_mappings": null,
  "server": "https://launcher.mojang.com/v1/objects/5420c131b360f58ecbeb970127a49b525b28f921/server.jar",
  "server_mappings": null
}