{
  "id": "1.17.1",
  "type": "release",
  "time": "2021-07-06T12:01:34+00:00",
  "releaseTime": "2021-07-06T12:01:34+00:00",
  "url": "https://piston-meta.mojang.com/v1/packages/ff5da3cb39c6c352ea746a254a2a5bb21a229116/1.17.1.json",
  "assets": "1.17",
  "asset_index": "https://launchermeta.mojang.com/v1/packages/778121f761dc8276a01d91120d54f33137b4c61b/1.17.json",
  "client": "https://launcher.mojang.com/v1/objects/8d9b65467c7913fcf6f5b2e729d44a1e00fde150/client.jar",
  "client_mappings": "https://launcher.mojang.com/v1/objects/e4d540e0cba05a6097e885dffdf363e621f87d3f/client.txt",
  "server": "https://launcher.mojang.com/v1/objects/a16d67e5807f57fc4e550299cf20226194497dc2/server.jar",
  "server_mappings": "https://launcher.mojang.com/v1/objects/f6cae1c5c1255f68ba4834b16a0da6a09621fe13/server.txt"
}