{
  "id": "19w04b",
  "type": "snapshot",
  "time": "2019-01-25T12:20:15+00:00",
  "releaseTime": "2019-01-25T12:20:15+00:00",
  "url": "https://piston-meta.mojang.com/v1/packages/cffc41bb7f89f3c1d8fe1afcac9bc602b53e0de0/19w04b.json",
  "assets": "1.14",
  "asset_index": "https://launchermeta.mojang.com/v1/packages/d6c94fad4f7a03a8e46083c023926515fc0e551e/1.14.json",
  "client": "https://launcher.mojang.com/v1/objects/1db2550289499e9611fb03744a63adc50d8ac811/client.jar",
  "client_mappings": null,
  "server": "https://launcher.mojang.com/v1/objects/7a5a3bbefcb4d27fd9ac30736eee06ae1e2c0991/server.jar",
  "server_mappings": null
}