{
  "id": "18w50a",
  "type": "snapshot",
  "time": "2018-12-12T14:58:13+00:00",
  "releaseTime": "2018-12-12T14:58:13+00:00",
  "url": "https://piston-meta.mojang.com/v1/packages/6fa8a7460769147341dc03891e1b522556aad82d/18w50a.json",
  "assets": "1.14",
  "asset_index": "https://launchermeta.mojang.com/v1/packages/d6c94fad4f7a03a8e46083c023926515fc0e551e/1.14.json",
  "client": "https://launcher.mojang.com/v1/objects/865a610fe77eb9d2fea48de1a02229526a391249/client.jar",
  "client_mappings": null,
  "server": "https://launcher.mojang.com/v1/objects/de0577900a9071758d7f1172dd283bdbe88b7431/server.jar",
  "server_mappings": null
}