{
  "id": "21w19a",
  "type": "snapshot",
  "time": "2021-05-12T11:19:15+00:00",
  "releaseTime": "2021-05-12T11:19:15+00:00",
  "url": "https://piston-meta.mojang.com/v1/packages/8d594910d88f121234aaef4c2f844bc8594c1b05/21w19a.json",
  "assets": "1.17",
  "asset_index": "https://launchermeta.mojang.com/v1/packages/778121f761dc8276a01d91120d54f33137b4c61b/1.17.json",
  "client": "https://launcher.mojang.com/v1/objects/ec029994171ba8e3d9a68458d7d307a67a84faac/client.jar",
  "client_mappings": "https://launcher.mojang.com/v1/objects/7de88c6a5342a640d905ea008a1ad364bdcd63a5/client.txt",
  "server": "https://launcher.mojang.com/v1/objects/d0a9151432af384f5f2ca72e8e43422772158d0e/server.jar",
  "server_mappings": "https://launcher.mojang.com/v1/objects/8d8524fd057a410dbc680f8f46b967b39ad3f1d8/server.txt"
}