{
  "id": "1.14.3-pre1",
  "type": "snapshot",
  "time": "2019-06-03T14:34:20+00:00",
  "releaseTime": "2019-06-03T14:34:20+00:00",
  "url": "https://piston-meta.mojang.com/v1/packages/b76415aca4de58ad4d2da3920af61e2d0aab423f/1.14.3-pre1.json",
  "assets": "1.14",
  "asset_index": "https://launchermeta.mojang.com/v1/packages/d6c94fad4f7a03a8e46083c023926515fc0e551e/1.14.json",
  "client": "https://launcher.mojang.com/v1/objects/c49ca8d28e3c64d39dc46d21dd92f421a34ec241/client.jar",
  "client_mappings": null,
  "server": "https://launcher.mojang.com/v1/objects/966984c5d8b5c3604a8838f8fb5635b8b9cd73c7/server.jar",
  "server_mappings": null
}