{
  "id": "19w12a",
  "type": "snapshot",
  "time": "2019-03-20T16:47:34+00:00",
  "releaseTime": "2019-03-20T16:47:34+00:00",
  "url": "https://piston-meta.mojang.com/v1/packages/f391138069573253105f68d2a14a12d8db2b1f5c/19w12a.json",
  "assets": "1.14",
  "asset_index": "https://launchermeta.mojang.com/v1/packages/d6c94fad4f7a03a8e46083c023926515fc0e551e/1.14.json",
  "client": "https://launcher.mojang.com/v1/objects/15ee2d37e5ec79dbf51aa39b000616be94033d6a/client.jar",
  "client_mappings": null,
  "server": "https://launcher.mojang.com/v1/objects/dc1a1dfef026d38dfc04b360653172f5428f86ef/server.jar",
  "server_mappings": null
}