{
  "id": "15w36d",
  "type": "snapshot",
  "time": "2015-09-04T14:22:31+00:00",
  "releaseTime": "2015-09-04T14:22:31+00:00",
  "url": "https://piston-meta.mojang.com/v1/packages/49a6f0d3a233d103b5fdeb6aefd7a6b0208b5ce9/15w36d.json",
  "assets": "1.8",
  "asset_index": "https://launchermeta.mojang.com/v1/packages/f6ad102bcaa53b1a58358f16e376d548d44933ec/1.8.json",
  "client": "https://launcher.mojang.com/v1/objects/ea3bbdb010acdbd558aacd67a48e3de83515b4e8/client.jar",
  "client_mappings": null,
  "server": "https://launcher.mojang.com/v1/objects/b862ed48ecf134683470145662ac8cb0e1ca7e4d/server.jar",
  "server_mappings": null
}