{
  "id": "1.9.1-pre1",
  "type": "snapshot",
  "time": "2016-03-09T16:27:29+00:00",
  "releaseTime": "2016-03-09T16:27:29+00:00",
  "url": "https://piston-meta.mojang.com/v1/packages/5adf2e9a343daa3e0b1609de322ff3c78b7299ec/1.9.1-pre1.json",
  "assets": "1.9",
  "asset_index": "https://launchermeta.mojang.com/v1/packages/06cc9a2c5ce504dc712ea2f699e4d645c48416dd/1.9.json",
  "client": "https://launcher.mojang.com/v1/objects/23386d5d39a8376ee23e61d65f27fb52ed5bee2b/client.jar",
  "client_mappings": null,
  "server": "https://launcher.mojang.com/v1/objects/04a6ca96d4024050c50570731568b94771ff7910/server.jar",
  "server_mappings": null
}