{
  "rewards": {
    "recipes": [
      "minecraft:nether_brick"
    ]
  },
  "criteria": {
    "has_netherbrick": {
      "trigger": "minecraft:inventory_changed",
      "conditions": {
        "items": [
          {
            "item": "minecraft:netherbrick"
          }
        ]
      }
    },
    "has_the_recipe": {
      "trigger": "minecraft:recipe_unlocked",
      "conditions": {
        "recipe": "nether_brick"
      }
    }
  },
  "requirements": [
    [
      "has_netherbrick",
      "has_the_recipe"
    ]
  ]
}