{
  "rewards": {
    "recipes": [
      "minecraft:polished_granite"
    ]
  },
  "criteria": {
    "has_stone": {
      "trigger": "minecraft:inventory_changed",
      "conditions": {
        "items": [
          {
            "item": "minecraft:stone",
            "data": 1
          }
        ]
      }
    },
    "has_the_recipe": {
      "trigger": "minecraft:recipe_unlocked",
      "conditions": {
        "recipe": "polished_granite"
      }
    }
  },
  "requirements": [
    [
      "has_stone",
      "has_the_recipe"
    ]
  ]
}