{
  "id": "18w47a",
  "type": "snapshot",
  "time": "2018-11-21T15:45:22+00:00",
  "releaseTime": "2018-11-21T15:45:22+00:00",
  "url": "https://piston-meta.mojang.com/v1/packages/6931ca7ca10b90df541bc946ad6410f7db81f63c/18w47a.json",
  "assets": "1.14",
  "asset_index": "https://launchermeta.mojang.com/v1/packages/d6c94fad4f7a03a8e46083c023926515fc0e551e/1.14.json",
  "client": "https://launcher.mojang.com/v1/objects/1cac5e82265eef3a7670c8752f31f02c65116aef/client.jar",
  "client_mappings": null,
  "server": "https://launcher.mojang.com/v1/objects/7066873e9b86cfcd5b66c6a98d2587d95bf94adc/server.jar",
  "server_mappings": null
}