{
  "id": "18w44a",
  "type": "snapshot",
  "time": "2018-10-31T15:29:16+00:00",
  "releaseTime": "2018-10-31T15:29:16+00:00",
  "url": "https://piston-meta.mojang.com/v1/packages/a9e51fcb479a02ba7761194b6bbf1e571f2410ea/18w44a.json",
  "assets": "1.14",
  "asset_index": "https://launchermeta.mojang.com/v1/packages/d6c94fad4f7a03a8e46083c023926515fc0e551e/1.14.json",
  "client": "https://launcher.mojang.com/v1/objects/20ea61f07e34b3e81ca356b6a71cc98cc4e571a9/client.jar",
  "client_mappings": null,
  "server": "https://launcher.mojang.com/v1/objects/e70221701d85ad9ed8be35e042f4c8e52fb627ec/server.jar",
  "server_mappings": null
}