{
  "id": "16w39c",
  "type": "snapshot",
  "time": "2016-09-30T14:11:48+00:00",
  "releaseTime": "2016-09-30T14:11:48+00:00",
  "url": "https://piston-meta.mojang.com/v1/packages/e598bc854707defa1a672bdc783177e35fa8ec1b/16w39c.json",
  "assets": "1.11",
  "asset_index": "https://launchermeta.mojang.com/v1/packages/4fa7f939c7e9902e6c674ad1d00358f8c08d7b8e/1.11.json",
  "client": "https://launcher.mojang.com/v1/objects/417fe811581f045d4f5de0381b08cd7dc3744c41/client.jar",
  "client_mappings": null,
  "server": "https://launcher.mojang.com/v1/objects/df13c6cbf5fc735896b22f56b1f8940dd11a3b5f/server.jar",
  "server_mappings": null
}