{
  "id": "1.8.2-pre6",
  "type": "snapshot",
  "time": "2015-01-30T11:58:24+00:00",
  "releaseTime": "2015-01-30T11:58:24+00:00",
  "url": "https://piston-meta.mojang.com/v1/packages/07ae1d9b67d36399e239a2ff46d43a1f96ef141a/1.8.2-pre6.json",
  "assets": "1.8",
  "asset_index": "https://launchermeta.mojang.com/v1/packages/f6ad102bcaa53b1a58358f16e376d548d44933ec/1.8.json",
  "client": "https://launcher.mojang.com/v1/objects/319e3ec8671db1bdafee732f27206f696a162e6d/client.jar",
  "client_mappings": null,
  "server": "https://launcher.mojang.com/v1/objects/cc40241ef5acc247048b9d351aefa6288de13d8b/server.jar",
  "server_mappings": null
}