{
  "id": "1.8.2-pre2",
  "type": "snapshot",
  "time": "2015-01-15T15:07:31+00:00",
  "releaseTime": "2015-01-15T15:07:31+00:00",
  "url": "https://piston-meta.mojang.com/v1/packages/50c6a27cbbd2df6adff74aaea9953a00c6ce38e3/1.8.2-pre2.json",
  "assets": "1.8",
  "asset_index": "https://launchermeta.mojang.com/v1/packages/f6ad102bcaa53b1a58358f16e376d548d44933ec/1.8.json",
  "client": "https://launcher.mojang.com/v1/objects/153aa945c44ff00502d96b68ff5e0941794e39d9/client.jar",
  "client_mappings": null,
  "server": "https://launcher.mojang.com/v1/objects/4c32f01c356568b6c6b3cecf4ab4d0f0e7e14fab/server.jar",
  "server_mappings": null
}