{
  "id": "18w10c",
  "type": "snapshot",
  "time": "2018-03-08T15:29:23+00:00",
  "releaseTime": "2018-03-08T15:29:23+00:00",
  "url": "https://piston-meta.mojang.com/v1/packages/34a84c146290fc084c3720522845cb45bc695d3f/18w10c.json",
  "assets": "1.13",
  "asset_index": "https://launchermeta.mojang.com/v1/packages/23981354446ddc141dcf03cc4bfa6b2a9492aa90/1.13.json",
  "client": "https://launcher.mojang.com/v1/objects/cec68c82ce5824f74069e8ba84871786077da6ab/client.jar",
  "client_mappings": null,
  "server": "https://launcher.mojang.com/v1/objects/7c2494311ab74f97623ebf6e2d5beba625a9d5fc/server.jar",
  "server_mappings": null
}