{
  "id": "22w16a",
  "type": "snapshot",
  "time": "2022-04-20T14:37:07+00:00",
  "releaseTime": "2022-04-20T14:37:07+00:00",
  "url": "https://piston-meta.mojang.com/v1/packages/34219564fefd4e925314a935e8a12af32b7ec222/22w16a.json",
  "assets": "1.19",
  "asset_index": "https://launchermeta.mojang.com/v1/packages/13dd8d9c2b9e49437718d9151754cf764febac62/1.19.json",
  "client": "https://launcher.mojang.com/v1/objects/4e8f686a40481690d16b006bbe571f5fdbc54d05/client.jar",
  "client_mappings": "https://launcher.mojang.com/v1/objects/bfe8eb3f33e792e2b0f49d870eda0de4f0eae02c/client.txt",
  "server": "https://launcher.mojang.com/v1/objects/8ac6c67599bd30009fdc2f9d0174419b0bc19f8b/server.jar",
  "server_mappings": "https://launcher.mojang.com/v1/objects/09b27637ea134f570beaae2e61c54deb73333baf/server.txt"
}