{
  "id": "1.15-pre1",
  "type": "snapshot",
  "time": "2019-11-21T17:01:17+00:00",
  "releaseTime": "2019-11-21T17:01:17+00:00",
  "url": "https://piston-meta.mojang.com/v1/packages/b92f7ad0e2dea435c9738b09a069199b37869398/1.15-pre1.json",
  "assets": "1.15",
  "asset_index": "https://launchermeta.mojang.com/v1/packages/3b41ad81220d2f21ff5b343629de725047dac13d/1.15.json",
  "client": "https://launcher.mojang.com/v1/objects/6e9fe5ad18470fd1b3318f337fca18cd94d7b9e6/client.jar",
  "client_mappings": "https://launcher.mojang.com/v1/objects/6750b3efa65689a0424116fb0671c5a67060e86a/client.txt",
  "server": "https://launcher.mojang.com/v1/objects/332b3382108e5bdb0b23717082c9b97c54ffc8ad/server.jar",
  "server_mappings": "https://launcher.mojang.com/v1/objects/722bdf029839d25a21dff78b1f15ff8e91fe5ff0/server.txt"
}