{
    "__comment": "Fair warning, this format is highly likely to change even more in the future!",
    "variants": {
        "inventory": { "model": "stairs" },
        "east":  { "model": "stairs" },
        "west":  { "model": "stairs", "y": 180 },
        "south": { "model": "stairs", "y": 90 },
        "north": { "model": "stairs", "y": 270 },
        "outer_corner_east":  { "model": "outer_stairs" },
        "outer_corner_west":  { "model": "outer_stairs", "y": 180 },
        "outer_corner_south": { "model": "outer_stairs", "y": 90 },
        "outer_corner_north": { "model": "outer_stairs", "y": 270 },
        "outer_corner_alt_east":  { "model": "outer_stairs_alt" },
        "outer_corner_alt_west":  { "model": "outer_stairs_alt", "y": 180 },
        "outer_corner_alt_south": { "model": "outer_stairs_alt", "y": 90 },
        "outer_corner_alt_north": { "model": "outer_stairs_alt", "y": 270 },
        "inner_corner_east":  { "model": "inner_stairs" },
        "inner_corner_west":  { "model": "inner_stairs", "y": 180 },
        "inner_corner_south": { "model": "inner_stairs", "y": 90 },
        "inner_corner_north": { "model": "inner_stairs", "y": 270 },
        "inner_corner_alt_east":  { "model": "inner_stairs_alt" },
        "inner_corner_alt_west":  { "model": "inner_stairs_alt", "y": 180 },
        "inner_corner_alt_south": { "model": "inner_stairs_alt", "y": 90 },
        "inner_corner_alt_north": { "model": "inner_stairs_alt", "y": 270 },
        "upper_east":  { "model": "stairs", "x": 180 },
        "upper_west":  { "model": "stairs", "x": 180, "y": 180 },
        "upper_south": { "model": "stairs", "x": 180, "y": 90 },
        "upper_north": { "model": "stairs", "x": 180, "y": 270 },
        "outer_corner_upper_east":  { "model": "outer_stairs", "x": 180 },
        "outer_corner_upper_west":  { "model": "outer_stairs", "x": 180, "y": 180 },
        "outer_corner_upper_south": { "model": "outer_stairs", "x": 180, "y": 90 },
        "outer_corner_upper_north": { "model": "outer_stairs", "x": 180, "y": 270 },
        "outer_corner_alt_upper_east":  { "model": "outer_stairs_alt", "x": 180 },
        "outer_corner_alt_upper_west":  { "model": "outer_stairs_alt", "x": 180, "y": 180 },
        "outer_corner_alt_upper_south": { "model": "outer_stairs_alt", "x": 180, "y": 90 },
        "outer_corner_alt_upper_north": { "model": "outer_stairs_alt", "x": 180, "y": 270 },
        "inner_corner_upper_east":  { "model": "inner_stairs", "x": 180 },
        "inner_corner_upper_west":  { "model": "inner_stairs", "x": 180, "y": 180 },
        "inner_corner_upper_south": { "model": "inner_stairs", "x": 180, "y": 90 },
        "inner_corner_upper_north": { "model": "inner_stairs", "x": 180, "y": 270 },
        "inner_corner_alt_upper_east":  { "model": "inner_stairs_alt", "x": 180 },
        "inner_corner_alt_upper_west":  { "model": "inner_stairs_alt", "x": 180, "y": 180 },
        "inner_corner_alt_upper_south": { "model": "inner_stairs_alt", "x": 180, "y": 90 },
        "inner_corner_alt_upper_north": { "model": "inner_stairs_alt", "x": 180, "y": 270 }
    }
}
