{
  "id": "18w05a",
  "type": "snapshot",
  "time": "2018-01-31T13:32:09+00:00",
  "releaseTime": "2018-01-31T13:32:09+00:00",
  "url": "https://piston-meta.mojang.com/v1/packages/7db497bdadc50245f2c4fa5e60730bfec22d682f/18w05a.json",
  "assets": "1.13",
  "asset_index": "https://launchermeta.mojang.com/v1/packages/23981354446ddc141dcf03cc4bfa6b2a9492aa90/1.13.json",
  "client": "https://launcher.mojang.com/v1/objects/bc3c321006bd1864a9e3dfea8c351927c44519c6/client.jar",
  "client_mappings": null,
  "server": "https://launcher.mojang.com/v1/objects/a4029c808cef57bed3228a51dcb7f68edd018a77/server.jar",
  "server_mappings": null
}