{
  "id": "1.6.4",
  "type": "release",
  "time": "2013-09-19T15:52:37+00:00",
  "releaseTime": "2013-09-19T15:52:37+00:00",
  "url": "https://piston-meta.mojang.com/v1/packages/b71bae449192fbbe1582ff32fb3765edf0b9b0a8/1.6.4.json",
  "assets": "legacy",
  "asset_index": "https://launchermeta.mojang.com/v1/packages/770572e819335b6c0a053f8378ad88eda189fc14/legacy.json",
  "client": "https://launcher.mojang.com/v1/objects/1703704407101cf72bd88e68579e3696ce733ecd/client.jar",
  "client_mappings": null,
  "server": "https://launcher.mojang.com/v1/objects/050f93c1f3fe9e2052398f7bd6aca10c63d64a87/server.jar",
  "server_mappings": null
}