{
  "id": "1.8.1-pre2",
  "type": "snapshot",
  "time": "2014-10-16T14:19:27+00:00",
  "releaseTime": "2014-10-16T14:19:27+00:00",
  "url": "https://piston-meta.mojang.com/v1/packages/8e77dedf93135552e1aaaebcec4c8d154d4dea04/1.8.1-pre2.json",
  "assets": "1.8",
  "asset_index": "https://launchermeta.mojang.com/v1/packages/f6ad102bcaa53b1a58358f16e376d548d44933ec/1.8.json",
  "client": "https://launcher.mojang.com/v1/objects/e326dea1becc6e1372b05bfe2440531d13f76959/client.jar",
  "client_mappings": null,
  "server": "https://launcher.mojang.com/v1/objects/d0b163d9a442e8b49187e4925ef75970ad451f41/server.jar",
  "server_mappings": null
}