{
  "id": "1.8.2-pre1",
  "type": "snapshot",
  "time": "2014-12-18T11:29:41+00:00",
  "releaseTime": "2014-12-18T11:29:41+00:00",
  "url": "https://piston-meta.mojang.com/v1/packages/79c984156100e076c37316d6d6377ced3daaf379/1.8.2-pre1.json",
  "assets": "1.8",
  "asset_index": "https://launchermeta.mojang.com/v1/packages/f6ad102bcaa53b1a58358f16e376d548d44933ec/1.8.json",
  "client": "https://launcher.mojang.com/v1/objects/b4be275f3854908c5ed503f25a0f225b798253d1/client.jar",
  "client_mappings": null,
  "server": "https://launcher.mojang.com/v1/objects/32320f5d6162cceed3cf618f3c37bde6978eacf2/server.jar",
  "server_mappings": null
}