{
  "variants": {
    "facing=down": {
      "x": 180,
      "model": "minecraft:block/dispenser_vertical"
    },
    "facing=east": {
      "model": "minecraft:block/dispenser",
      "y": 90
    },
    "facing=north": {
      "model": "minecraft:block/dispenser"
    },
    "facing=south": {
      "model": "minecraft:block/dispenser",
      "y": 180
    },
    "facing=up": {
      "model": "minecraft:block/dispenser_vertical"
    },
    "facing=west": {
      "model": "minecraft:block/dispenser",
      "y": 270
    }
  }
}