{
  "variants": {
    "face=ceiling,facing=east,powered=false": {
      "x": 180,
      "model": "minecraft:block/lever_on",
      "y": 270
    },
    "face=ceiling,facing=east,powered=true": {
      "x": 180,
      "model": "minecraft:block/lever",
      "y": 270
    },
    "face=ceiling,facing=north,powered=false": {
      "x": 180,
      "model": "minecraft:block/lever_on",
      "y": 180
    },
    "face=ceiling,facing=north,powered=true": {
      "x": 180,
      "model": "minecraft:block/lever",
      "y": 180
    },
    "face=ceiling,facing=south,powered=false": {
      "x": 180,
      "model": "minecraft:block/lever_on"
    },
    "face=ceiling,facing=south,powered=true": {
      "x": 180,
      "model": "minecraft:block/lever"
    },
    "face=ceiling,facing=west,powered=false": {
      "x": 180,
      "model": "minecraft:block/lever_on",
      "y": 90
    },
    "face=ceiling,facing=west,powered=true": {
      "x": 180,
      "model": "minecraft:block/lever",
      "y": 90
    },
    "face=floor,facing=east,powered=false": {
      "model": "minecraft:block/lever_on",
      "y": 90
    },
    "face=floor,facing=east,powered=true": {
      "model": "minecraft:block/lever",
      "y": 90
    },
    "face=floor,facing=north,powered=false": {
      "model": "minecraft:block/lever_on"
    },
    "face=floor,facing=north,powered=true": {
      "model": "minecraft:block/lever"
    },
    "face=floor,facing=south,powered=false": {
      "model": "minecraft:block/lever_on",
      "y": 180
    },
    "face=floor,facing=south,powered=true": {
      "model": "minecraft:block/lever",
      "y": 180
    },
    "face=floor,facing=west,powered=false": {
      "model": "minecraft:block/lever_on",
      "y": 270
    },
    "face=floor,facing=west,powered=true": {
      "model": "minecraft:block/lever",
      "y": 270
    },
    "face=wall,facing=east,powered=false": {
      "x": 90,
      "model": "minecraft:block/lever_on",
      "y": 90
    },
    "face=wall,facing=east,powered=true": {
      "x": 90,
      "model": "minecraft:block/lever",
      "y": 90
    },
    "face=wall,facing=north,powered=false": {
      "x": 90,
      "model": "minecraft:block/lever_on"
    },
    "face=wall,facing=north,powered=true": {
      "x": 90,
      "model": "minecraft:block/lever"
    },
    "face=wall,facing=south,powered=false": {
      "x": 90,
      "model": "minecraft:block/lever_on",
      "y": 180
    },
    "face=wall,facing=south,powered=true": {
      "x": 90,
      "model": "minecraft:block/lever",
      "y": 180
    },
    "face=wall,facing=west,powered=false": {
      "x": 90,
      "model": "minecraft:block/lever_on",
      "y": 270
    },
    "face=wall,facing=west,powered=true": {
      "x": 90,
      "model": "minecraft:block/lever",
      "y": 270
    }
  }
}