{
  "variants": {
    "extended=false,facing=down": {
      "x": 90,
      "model": "minecraft:block/piston"
    },
    "extended=false,facing=east": {
      "model": "minecraft:block/piston",
      "y": 90
    },
    "extended=false,facing=north": {
      "model": "minecraft:block/piston"
    },
    "extended=false,facing=south": {
      "model": "minecraft:block/piston",
      "y": 180
    },
    "extended=false,facing=up": {
      "x": 270,
      "model": "minecraft:block/piston"
    },
    "extended=false,facing=west": {
      "model": "minecraft:block/piston",
      "y": 270
    },
    "extended=true,facing=down": {
      "x": 90,
      "model": "minecraft:block/piston_base"
    },
    "extended=true,facing=east": {
      "model": "minecraft:block/piston_base",
      "y": 90
    },
    "extended=true,facing=north": {
      "model": "minecraft:block/piston_base"
    },
    "extended=true,facing=south": {
      "model": "minecraft:block/piston_base",
      "y": 180
    },
    "extended=true,facing=up": {
      "x": 270,
      "model": "minecraft:block/piston_base"
    },
    "extended=true,facing=west": {
      "model": "minecraft:block/piston_base",
      "y": 270
    }
  }
}