{
  "id": "1.14.1",
  "type": "release",
  "time": "2019-05-13T11:10:12+00:00",
  "releaseTime": "2019-05-13T11:10:12+00:00",
  "url": "https://piston-meta.mojang.com/v1/packages/770df8fddfd27061560507267eccb650345b61e2/1.14.1.json",
  "assets": "1.14",
  "asset_index": "https://launchermeta.mojang.com/v1/packages/d6c94fad4f7a03a8e46083c023926515fc0e551e/1.14.json",
  "client": "https://launcher.mojang.com/v1/objects/55ba86ddcbc3579397f41910463ffd4056e1e523/client.jar",
  "client_mappings": null,
  "server": "https://launcher.mojang.com/v1/objects/ed76d597a44c5266be2a7fcd77a8270f1f0bc118/server.jar",
  "server_mappings": null
}