{
  "id": "18w21b",
  "type": "snapshot",
  "time": "2018-05-25T10:09:09+00:00",
  "releaseTime": "2018-05-25T10:09:09+00:00",
  "url": "https://piston-meta.mojang.com/v1/packages/e6d564e18d99d20bc74a79bacafb457978558c3b/18w21b.json",
  "assets": "1.13",
  "asset_index": "https://launchermeta.mojang.com/v1/packages/23981354446ddc141dcf03cc4bfa6b2a9492aa90/1.13.json",
  "client": "https://launcher.mojang.com/v1/objects/77b9304fd8e97953de4c6334f56abe4bc2661fe1/client.jar",
  "client_mappings": null,
  "server": "https://launcher.mojang.com/v1/objects/df8cc7cfa4c2d24f31f5997a102f1d6411f038d0/server.jar",
  "server_mappings": null
}