{
  "id": "1.14 Pre-Release 3",
  "type": "snapshot",
  "time": "2019-04-16T13:57:10+00:00",
  "releaseTime": "2019-04-16T13:57:10+00:00",
  "url": "https://piston-meta.mojang.com/v1/packages/5119ee7ea1455a0655fe1139aa4224aea02af54b/1.14%20Pre-Release%203.json",
  "assets": "1.14",
  "asset_index": "https://launchermeta.mojang.com/v1/packages/d6c94fad4f7a03a8e46083c023926515fc0e551e/1.14.json",
  "client": "https://launcher.mojang.com/v1/objects/12f85e0b940f3649c9ecb5a3201811f56992e5c0/client.jar",
  "client_mappings": null,
  "server": "https://launcher.mojang.com/v1/objects/6b747e1338e1aa058146032a659cf654c446552d/server.jar",
  "server_mappings": null
}