{
  "id": "20w46a",
  "type": "snapshot",
  "time": "2020-11-11T15:30:32+00:00",
  "releaseTime": "2020-11-11T15:30:32+00:00",
  "url": "https://piston-meta.mojang.com/v1/packages/e91815d5bd2d22728a0baa82b8c85d273a83cf1d/20w46a.json",
  "assets": "1.17",
  "asset_index": "https://launchermeta.mojang.com/v1/packages/778121f761dc8276a01d91120d54f33137b4c61b/1.17.json",
  "client": "https://launcher.mojang.com/v1/objects/f4c56c2b7218599b78074a500ab2a89a04db5b36/client.jar",
  "client_mappings": "https://launcher.mojang.com/v1/objects/d3687dd62798b403141db1fe7272607c53b6e9f0/client.txt",
  "server": "https://launcher.mojang.com/v1/objects/373675677cc57b9294a187a4d0ecab6f340d4189/server.jar",
  "server_mappings": "https://launcher.mojang.com/v1/objects/5de650acd5894cf687a911fb9affb3b294de4dd2/server.txt"
}