{
  "id": "1.8.2-pre4",
  "type": "snapshot",
  "time": "2015-01-16T14:19:59+00:00",
  "releaseTime": "2015-01-16T14:19:59+00:00",
  "url": "https://piston-meta.mojang.com/v1/packages/db4c583ec25447f7418fc8e458798905a1282b88/1.8.2-pre4.json",
  "assets": "1.8",
  "asset_index": "https://launchermeta.mojang.com/v1/packages/f6ad102bcaa53b1a58358f16e376d548d44933ec/1.8.json",
  "client": "https://launcher.mojang.com/v1/objects/b0dcb6a181d2977f88854db582d3972f34b09880/client.jar",
  "client_mappings": null,
  "server": "https://launcher.mojang.com/v1/objects/b1d4937d5c39c5e1c462d39cc081544170c962b3/server.jar",
  "server_mappings": null
}