{
  "id": "21w11a",
  "type": "snapshot",
  "time": "2021-03-17T15:05:50+00:00",
  "releaseTime": "2021-03-17T15:05:50+00:00",
  "url": "https://piston-meta.mojang.com/v1/packages/f2eacf79112c6daf7431432de132242e3b9ddf86/21w11a.json",
  "assets": "1.17",
  "asset_index": "https://launchermeta.mojang.com/v1/packages/778121f761dc8276a01d91120d54f33137b4c61b/1.17.json",
  "client": "https://launcher.mojang.com/v1/objects/07ad8b23e33d195fd897133c9c0e35d7fa1593eb/client.jar",
  "client_mappings": "https://launcher.mojang.com/v1/objects/e8f9be9094ea120eabed0030f997c51da6853793/client.txt",
  "server": "https://launcher.mojang.com/v1/objects/c828957ad249138129ccbc8749bfd14f01d96a4b/server.jar",
  "server_mappings": "https://launcher.mojang.com/v1/objects/cf412c14df5bb5c3dce38bc7f19169c027ac045a/server.txt"
}