{
  "id": "20w27a",
  "type": "snapshot",
  "time": "2020-07-01T15:07:35+00:00",
  "releaseTime": "2020-07-01T15:07:35+00:00",
  "url": "https://piston-meta.mojang.com/v1/packages/20b1926e127e2363eafd18cb4c15f0322ad926e2/20w27a.json",
  "assets": "1.16",
  "asset_index": "https://launchermeta.mojang.com/v1/packages/28680197f74e5e1d55054f6a63509c8298d428f9/1.16.json",
  "client": "https://launcher.mojang.com/v1/objects/83f30681e76d3438105159c645d9f2f6df88a4d8/client.jar",
  "client_mappings": "https://launcher.mojang.com/v1/objects/68a8eda9e84d891c7fea438e869d1e06dc119bfa/client.txt",
  "server": "https://launcher.mojang.com/v1/objects/40efae0a2412154f44a99f158752b8417b384f06/server.jar",
  "server_mappings": "https://launcher.mojang.com/v1/objects/70896935d587a35c1bb5bfcfbd89bc7623537611/server.txt"
}