{
  "id": "1.18_experimental-snapshot-3",
  "type": "pending",
  "time": "2021-08-10T12:42:45+00:00",
  "releaseTime": "2021-08-10T12:42:45+00:00",
  "url": "https://launcher.mojang.com/v1/objects/846648ff9fe60310d584061261de43010e5c722b/1_18_experimental-snapshot-3.zip",
  "assets": "1.17",
  "asset_index": "https://launchermeta.mojang.com/v1/packages/e5af543d9b3ce1c063a97842c38e50e29f961f00/1.17.json",
  "client": "https://launcher.mojang.com/v1/objects/7d7acdf4165867cd7334bfa5f3f00af742c5ce16/client.jar",
  "client_mappings": "https://launcher.mojang.com/v1/objects/6685e6de966b4970d947302f55376913454cf512/client.txt",
  "server": "https://launcher.mojang.com/v1/objects/cbe106c19f5072222ce54039aa665a8aaf97097d/server.jar",
  "server_mappings": "https://launcher.mojang.com/v1/objects/7751261f6f27641bd605b579bc00598fc4afd556/server.txt"
}