{
  "id": "1.17-pre2",
  "type": "snapshot",
  "time": "2021-05-31T15:54:05+00:00",
  "releaseTime": "2021-05-31T15:54:05+00:00",
  "url": "https://piston-meta.mojang.com/v1/packages/363a43427c576f37f5f60c6e00a7ad07eab7a2fb/1.17-pre2.json",
  "assets": "1.17",
  "asset_index": "https://launchermeta.mojang.com/v1/packages/778121f761dc8276a01d91120d54f33137b4c61b/1.17.json",
  "client": "https://launcher.mojang.com/v1/objects/72ebf53f36151a9c2657dca80f72a97c0917d3ce/client.jar",
  "client_mappings": "https://launcher.mojang.com/v1/objects/c3fc5f17f6a63498078cbcc72872e78c500120f6/client.txt",
  "server": "https://launcher.mojang.com/v1/objects/d8756c67ce3b3fe20d0510afb3e22fa16310b2e6/server.jar",
  "server_mappings": "https://launcher.mojang.com/v1/objects/f79c9cad034152d13c8fab69c441eb06138aacc6/server.txt"
}