{
  "id": "14w26b",
  "type": "snapshot",
  "time": "2014-06-25T15:08:39+00:00",
  "releaseTime": "2014-06-25T15:08:39+00:00",
  "url": "https://piston-meta.mojang.com/v1/packages/288aa1d9c5840c8d0f75ee682bc8a0a1564babfb/14w26b.json",
  "assets": "14w25a",
  "asset_index": "https://launchermeta.mojang.com/v1/packages/32ff354a3be1c4dd83027111e6d79ee4d701d2c0/14w25a.json",
  "client": "https://launcher.mojang.com/v1/objects/6b0d36e0ff0cd61fb2b4ba665e3b5070a2871e0f/client.jar",
  "client_mappings": null,
  "server": "https://launcher.mojang.com/v1/objects/0b461d7af1194a192f5b7a9a8989bab83f7317b0/server.jar",
  "server_mappings": null
}