{
  "rewards": {
    "recipes": [
      "minecraft:light_gray_dye_from_ink_bonemeal"
    ]
  },
  "criteria": {
    "has_bonemeal": {
      "trigger": "minecraft:inventory_changed",
      "conditions": {
        "items": [
          {
            "item": "minecraft:dye",
            "data": 15
          }
        ]
      }
    },
    "has_the_recipe": {
      "trigger": "minecraft:recipe_unlocked",
      "conditions": {
        "recipe": "light_gray_dye_from_ink_bonemeal"
      }
    },
    "has_black_dye": {
      "trigger": "minecraft:inventory_changed",
      "conditions": {
        "items": [
          {
            "item": "minecraft:dye",
            "data": 0
          }
        ]
      }
    }
  },
  "requirements": [
    [
      "has_bonemeal"
    ],
    [
      "has_the_recipe"
    ],
    [
      "has_black_dye"
    ]
  ]
}