{
  "id": "1.3.1",
  "type": "release",
  "time": "2012-07-31T22:00:00+00:00",
  "releaseTime": "2012-07-31T22:00:00+00:00",
  "url": "https://piston-meta.mojang.com/v1/packages/be773d2fff5c6e4db9929ae4ea780f8837323b6b/1.3.1.json",
  "assets": "pre-1.6",
  "asset_index": "https://launchermeta.mojang.com/v1/packages/4759bad2824e419da9db32861fcdc3a274336532/pre-1.6.json",
  "client": "https://launcher.mojang.com/v1/objects/33167e71e85ab8e6ddbe168bc67f6ec19d708d62/client.jar",
  "client_mappings": null,
  "server": "https://launcher.mojang.com/v1/objects/82563ce498bfc1fc8a2cb5bf236f7da86a390646/server.jar",
  "server_mappings": null
}