{
  "id": "1.14.2 Pre-Release 2",
  "type": "snapshot",
  "time": "2019-05-17T12:21:03+00:00",
  "releaseTime": "2019-05-17T12:21:03+00:00",
  "url": "https://piston-meta.mojang.com/v1/packages/e9df02944c109a001c4aa207339d3a120b7e47bb/1.14.2%20Pre-Release%202.json",
  "assets": "1.14",
  "asset_index": "https://launchermeta.mojang.com/v1/packages/d6c94fad4f7a03a8e46083c023926515fc0e551e/1.14.json",
  "client": "https://launcher.mojang.com/v1/objects/d12a34d8584f5465a4851f77bc5a1ce05ac9d59c/client.jar",
  "client_mappings": null,
  "server": "https://launcher.mojang.com/v1/objects/a2cedc73237e999a5d408ecf0923a130d69d45a1/server.jar",
  "server_mappings": null
}