{
  "pools": [
    {
      "conditions": [
        {
          "condition": "random_chance_with_looting",
          "chance": 0.15,
          "looting_multiplier": 0.0625
        },
        {
                "condition": "killed_by_player"
        }
      ],
      "rolls": 1,
      "entries": [
        {
          "type": "item",
          "name": "minecraft:iron_axe"
        }
      ]
    },
    {
        "rolls": 1,
        "entries": [
            {
                "type": "item",
                "name": "minecraft:emerald",
                "weight": 1,
                "functions": [
                    {
                        "function": "set_count",
                        "count": {
                            "min": 0,
                            "max": 1
                        }
                    },
                    {
                        "function": "looting_enchant",
                        "count": {
                            "min": 0,
                            "max": 1
                        }
                    }
                ]
            }
        ],
        "conditions": [
            {
                "condition": "killed_by_player"
            }
        ]
    }    
  ]
}
