{
  "id": "17w17b",
  "type": "snapshot",
  "time": "2017-04-27T13:24:23+00:00",
  "releaseTime": "2017-04-27T13:24:23+00:00",
  "url": "https://piston-meta.mojang.com/v1/packages/7aa9acd138aa9f67ab637b63e694389ce40a9b0c/17w17b.json",
  "assets": "1.12",
  "asset_index": "https://launchermeta.mojang.com/v1/packages/1584b57c1a0b5e593fad1f5b8f78536ca640547b/1.12.json",
  "client": "https://launcher.mojang.com/v1/objects/37e3f7d47f6f528455bda16684ff00308f375b1f/client.jar",
  "client_mappings": null,
  "server": "https://launcher.mojang.com/v1/objects/7cf669824e4c8340050adcc2125f1ec4cb84feac/server.jar",
  "server_mappings": null
}