{
  "id": "21w05b",
  "type": "snapshot",
  "time": "2021-02-04T15:09:29+00:00",
  "releaseTime": "2021-02-04T15:09:29+00:00",
  "url": "https://piston-meta.mojang.com/v1/packages/bc583f51c1155a8de557531591fcb34c4530773b/21w05b.json",
  "assets": "1.17",
  "asset_index": "https://launchermeta.mojang.com/v1/packages/778121f761dc8276a01d91120d54f33137b4c61b/1.17.json",
  "client": "https://launcher.mojang.com/v1/objects/8230cf2349b48ba79b0581a3fc76be53f26312bc/client.jar",
  "client_mappings": "https://launcher.mojang.com/v1/objects/326b623d7c09e8f9155872a8fdc70d553d1207d4/client.txt",
  "server": "https://launcher.mojang.com/v1/objects/f92547a92214ab71a58834e7453ab29a6ab2d192/server.jar",
  "server_mappings": "https://launcher.mojang.com/v1/objects/da7dcb36bff33f4d93c60b7b4b1d255db0aac9ee/server.txt"
}