{
  "id": "1.17.1-pre3",
  "type": "snapshot",
  "time": "2021-06-30T15:43:16+00:00",
  "releaseTime": "2021-06-30T15:43:16+00:00",
  "url": "https://piston-meta.mojang.com/v1/packages/d01286622542717af4098d275362cacd28456a8b/1.17.1-pre3.json",
  "assets": "1.17",
  "asset_index": "https://launchermeta.mojang.com/v1/packages/778121f761dc8276a01d91120d54f33137b4c61b/1.17.json",
  "client": "https://launcher.mojang.com/v1/objects/c9f26f45a9c18c27ef1dd3753057ce81401d742d/client.jar",
  "client_mappings": "https://launcher.mojang.com/v1/objects/11ef28414033c3010f9af6dadeef45a54b4026e9/client.txt",
  "server": "https://launcher.mojang.com/v1/objects/04750b5adff60610a5ba2cd3aa8102f7086c9301/server.jar",
  "server_mappings": "https://launcher.mojang.com/v1/objects/e009a085ba97816e196060404ae2be280c4a6689/server.txt"
}