{
  "id": "19w13b",
  "type": "snapshot",
  "time": "2019-03-29T16:53:22+00:00",
  "releaseTime": "2019-03-29T16:53:22+00:00",
  "url": "https://piston-meta.mojang.com/v1/packages/549dab6b7f4710ef9431edc2871ecca1e0ea56d0/19w13b.json",
  "assets": "1.14",
  "asset_index": "https://launchermeta.mojang.com/v1/packages/d6c94fad4f7a03a8e46083c023926515fc0e551e/1.14.json",
  "client": "https://launcher.mojang.com/v1/objects/bf33e377d07eadd8989570e24d9fc484aa39c81f/client.jar",
  "client_mappings": null,
  "server": "https://launcher.mojang.com/v1/objects/6d395392d8aac9bcde96322831042c77410b0a19/server.jar",
  "server_mappings": null
}