{
  "id": "1.13-pre4",
  "type": "snapshot",
  "time": "2018-06-26T13:00:55+00:00",
  "releaseTime": "2018-06-26T13:00:55+00:00",
  "url": "https://piston-meta.mojang.com/v1/packages/2bb3ce6a72e5bd9ebb0bd97c93c6e7323d7ccedf/1.13-pre4.json",
  "assets": "1.13",
  "asset_index": "https://launchermeta.mojang.com/v1/packages/23981354446ddc141dcf03cc4bfa6b2a9492aa90/1.13.json",
  "client": "https://launcher.mojang.com/v1/objects/c4a93fea1ea2a1a7886c8f5f66f6d929db53f021/client.jar",
  "client_mappings": null,
  "server": "https://launcher.mojang.com/v1/objects/d57007a8722ed645319666fc56b27690054d8363/server.jar",
  "server_mappings": null
}