{
  "id": "1.9-pre1",
  "type": "snapshot",
  "time": "2016-02-17T15:23:19+00:00",
  "releaseTime": "2016-02-17T15:23:19+00:00",
  "url": "https://piston-meta.mojang.com/v1/packages/712caae8ee8d75215896d17c5676dc15759d4079/1.9-pre1.json",
  "assets": "1.9",
  "asset_index": "https://launchermeta.mojang.com/v1/packages/06cc9a2c5ce504dc712ea2f699e4d645c48416dd/1.9.json",
  "client": "https://launcher.mojang.com/v1/objects/fa13948aa05aaa99b5f9d1700bbbdb2b6ecc59b1/client.jar",
  "client_mappings": null,
  "server": "https://launcher.mojang.com/v1/objects/e166c9863dc5a6444d8260b46423325d4130b429/server.jar",
  "server_mappings": null
}