{
  "variants": {
    "facing=east,lit=false": {
      "y": 90,
      "model": "minecraft:block/furnace"
    },
    "facing=east,lit=true": {
      "y": 90,
      "model": "minecraft:block/furnace_on"
    },
    "facing=north,lit=false": {
      "model": "minecraft:block/furnace"
    },
    "facing=north,lit=true": {
      "model": "minecraft:block/furnace_on"
    },
    "facing=south,lit=false": {
      "y": 180,
      "model": "minecraft:block/furnace"
    },
    "facing=south,lit=true": {
      "y": 180,
      "model": "minecraft:block/furnace_on"
    },
    "facing=west,lit=false": {
      "y": 270,
      "model": "minecraft:block/furnace"
    },
    "facing=west,lit=true": {
      "y": 270,
      "model": "minecraft:block/furnace_on"
    }
  }
}