{
  "variants": {
    "facing=east,half=bottom,shape=inner_left": {
      "uvlock": true,
      "y": 270,
      "model": "minecraft:block/granite_stairs_inner"
    },
    "facing=east,half=bottom,shape=inner_right": {
      "model": "minecraft:block/granite_stairs_inner"
    },
    "facing=east,half=bottom,shape=outer_left": {
      "uvlock": true,
      "y": 270,
      "model": "minecraft:block/granite_stairs_outer"
    },
    "facing=east,half=bottom,shape=outer_right": {
      "model": "minecraft:block/granite_stairs_outer"
    },
    "facing=east,half=bottom,shape=straight": {
      "model": "minecraft:block/granite_stairs"
    },
    "facing=east,half=top,shape=inner_left": {
      "x": 180,
      "uvlock": true,
      "model": "minecraft:block/granite_stairs_inner"
    },
    "facing=east,half=top,shape=inner_right": {
      "x": 180,
      "uvlock": true,
      "y": 90,
      "model": "minecraft:block/granite_stairs_inner"
    },
    "facing=east,half=top,shape=outer_left": {
      "x": 180,
      "uvlock": true,
      "model": "minecraft:block/granite_stairs_outer"
    },
    "facing=east,half=top,shape=outer_right": {
      "x": 180,
      "uvlock": true,
      "y": 90,
      "model": "minecraft:block/granite_stairs_outer"
    },
    "facing=east,half=top,shape=straight": {
      "x": 180,
      "uvlock": true,
      "model": "minecraft:block/granite_stairs"
    },
    "facing=north,half=bottom,shape=inner_left": {
      "uvlock": true,
      "y": 180,
      "model": "minecraft:block/granite_stairs_inner"
    },
    "facing=north,half=bottom,shape=inner_right": {
      "uvlock": true,
      "y": 270,
      "model": "minecraft:block/granite_stairs_inner"
    },
    "facing=north,half=bottom,shape=outer_left": {
      "uvlock": true,
      "y": 180,
      "model": "minecraft:block/granite_stairs_outer"
    },
    "facing=north,half=bottom,shape=outer_right": {
      "uvlock": true,
      "y": 270,
      "model": "minecraft:block/granite_stairs_outer"
    },
    "facing=north,half=bottom,shape=straight": {
      "uvlock": true,
      "y": 270,
      "model": "minecraft:block/granite_stairs"
    },
    "facing=north,half=top,shape=inner_left": {
      "x": 180,
      "uvlock": true,
      "y": 270,
      "model": "minecraft:block/granite_stairs_inner"
    },
    "facing=north,half=top,shape=inner_right": {
      "x": 180,
      "uvlock": true,
      "model": "minecraft:block/granite_stairs_inner"
    },
    "facing=north,half=top,shape=outer_left": {
      "x": 180,
      "uvlock": true,
      "y": 270,
      "model": "minecraft:block/granite_stairs_outer"
    },
    "facing=north,half=top,shape=outer_right": {
      "x": 180,
      "uvlock": true,
      "model": "minecraft:block/granite_stairs_outer"
    },
    "facing=north,half=top,shape=straight": {
      "x": 180,
      "uvlock": true,
      "y": 270,
      "model": "minecraft:block/granite_stairs"
    },
    "facing=south,half=bottom,shape=inner_left": {
      "model": "minecraft:block/granite_stairs_inner"
    },
    "facing=south,half=bottom,shape=inner_right": {
      "uvlock": true,
      "y": 90,
      "model": "minecraft:block/granite_stairs_inner"
    },
    "facing=south,half=bottom,shape=outer_left": {
      "model": "minecraft:block/granite_stairs_outer"
    },
    "facing=south,half=bottom,shape=outer_right": {
      "uvlock": true,
      "y": 90,
      "model": "minecraft:block/granite_stairs_outer"
    },
    "facing=south,half=bottom,shape=straight": {
      "uvlock": true,
      "y": 90,
      "model": "minecraft:block/granite_stairs"
    },
    "facing=south,half=top,shape=inner_left": {
      "x": 180,
      "uvlock": true,
      "y": 90,
      "model": "minecraft:block/granite_stairs_inner"
    },
    "facing=south,half=top,shape=inner_right": {
      "x": 180,
      "uvlock": true,
      "y": 180,
      "model": "minecraft:block/granite_stairs_inner"
    },
    "facing=south,half=top,shape=outer_left": {
      "x": 180,
      "uvlock": true,
      "y": 90,
      "model": "minecraft:block/granite_stairs_outer"
    },
    "facing=south,half=top,shape=outer_right": {
      "x": 180,
      "uvlock": true,
      "y": 180,
      "model": "minecraft:block/granite_stairs_outer"
    },
    "facing=south,half=top,shape=straight": {
      "x": 180,
      "uvlock": true,
      "y": 90,
      "model": "minecraft:block/granite_stairs"
    },
    "facing=west,half=bottom,shape=inner_left": {
      "uvlock": true,
      "y": 90,
      "model": "minecraft:block/granite_stairs_inner"
    },
    "facing=west,half=bottom,shape=inner_right": {
      "uvlock": true,
      "y": 180,
      "model": "minecraft:block/granite_stairs_inner"
    },
    "facing=west,half=bottom,shape=outer_left": {
      "uvlock": true,
      "y": 90,
      "model": "minecraft:block/granite_stairs_outer"
    },
    "facing=west,half=bottom,shape=outer_right": {
      "uvlock": true,
      "y": 180,
      "model": "minecraft:block/granite_stairs_outer"
    },
    "facing=west,half=bottom,shape=straight": {
      "uvlock": true,
      "y": 180,
      "model": "minecraft:block/granite_stairs"
    },
    "facing=west,half=top,shape=inner_left": {
      "x": 180,
      "uvlock": true,
      "y": 180,
      "model": "minecraft:block/granite_stairs_inner"
    },
    "facing=west,half=top,shape=inner_right": {
      "x": 180,
      "uvlock": true,
      "y": 270,
      "model": "minecraft:block/granite_stairs_inner"
    },
    "facing=west,half=top,shape=outer_left": {
      "x": 180,
      "uvlock": true,
      "y": 180,
      "model": "minecraft:block/granite_stairs_outer"
    },
    "facing=west,half=top,shape=outer_right": {
      "x": 180,
      "uvlock": true,
      "y": 270,
      "model": "minecraft:block/granite_stairs_outer"
    },
    "facing=west,half=top,shape=straight": {
      "x": 180,
      "uvlock": true,
      "y": 180,
      "model": "minecraft:block/granite_stairs"
    }
  }
}