{
  "variants": {
    "facing=east,half=lower,hinge=left,open=false": {
      "model": "minecraft:block/jungle_door_bottom"
    },
    "facing=east,half=lower,hinge=left,open=true": {
      "y": 90,
      "model": "minecraft:block/jungle_door_bottom_hinge"
    },
    "facing=east,half=lower,hinge=right,open=false": {
      "model": "minecraft:block/jungle_door_bottom_hinge"
    },
    "facing=east,half=lower,hinge=right,open=true": {
      "y": 270,
      "model": "minecraft:block/jungle_door_bottom"
    },
    "facing=east,half=upper,hinge=left,open=false": {
      "model": "minecraft:block/jungle_door_top"
    },
    "facing=east,half=upper,hinge=left,open=true": {
      "y": 90,
      "model": "minecraft:block/jungle_door_top_hinge"
    },
    "facing=east,half=upper,hinge=right,open=false": {
      "model": "minecraft:block/jungle_door_top_hinge"
    },
    "facing=east,half=upper,hinge=right,open=true": {
      "y": 270,
      "model": "minecraft:block/jungle_door_top"
    },
    "facing=north,half=lower,hinge=left,open=false": {
      "y": 270,
      "model": "minecraft:block/jungle_door_bottom"
    },
    "facing=north,half=lower,hinge=left,open=true": {
      "model": "minecraft:block/jungle_door_bottom_hinge"
    },
    "facing=north,half=lower,hinge=right,open=false": {
      "y": 270,
      "model": "minecraft:block/jungle_door_bottom_hinge"
    },
    "facing=north,half=lower,hinge=right,open=true": {
      "y": 180,
      "model": "minecraft:block/jungle_door_bottom"
    },
    "facing=north,half=upper,hinge=left,open=false": {
      "y": 270,
      "model": "minecraft:block/jungle_door_top"
    },
    "facing=north,half=upper,hinge=left,open=true": {
      "model": "minecraft:block/jungle_door_top_hinge"
    },
    "facing=north,half=upper,hinge=right,open=false": {
      "y": 270,
      "model": "minecraft:block/jungle_door_top_hinge"
    },
    "facing=north,half=upper,hinge=right,open=true": {
      "y": 180,
      "model": "minecraft:block/jungle_door_top"
    },
    "facing=south,half=lower,hinge=left,open=false": {
      "y": 90,
      "model": "minecraft:block/jungle_door_bottom"
    },
    "facing=south,half=lower,hinge=left,open=true": {
      "y": 180,
      "model": "minecraft:block/jungle_door_bottom_hinge"
    },
    "facing=south,half=lower,hinge=right,open=false": {
      "y": 90,
      "model": "minecraft:block/jungle_door_bottom_hinge"
    },
    "facing=south,half=lower,hinge=right,open=true": {
      "model": "minecraft:block/jungle_door_bottom"
    },
    "facing=south,half=upper,hinge=left,open=false": {
      "y": 90,
      "model": "minecraft:block/jungle_door_top"
    },
    "facing=south,half=upper,hinge=left,open=true": {
      "y": 180,
      "model": "minecraft:block/jungle_door_top_hinge"
    },
    "facing=south,half=upper,hinge=right,open=false": {
      "y": 90,
      "model": "minecraft:block/jungle_door_top_hinge"
    },
    "facing=south,half=upper,hinge=right,open=true": {
      "model": "minecraft:block/jungle_door_top"
    },
    "facing=west,half=lower,hinge=left,open=false": {
      "y": 180,
      "model": "minecraft:block/jungle_door_bottom"
    },
    "facing=west,half=lower,hinge=left,open=true": {
      "y": 270,
      "model": "minecraft:block/jungle_door_bottom_hinge"
    },
    "facing=west,half=lower,hinge=right,open=false": {
      "y": 180,
      "model": "minecraft:block/jungle_door_bottom_hinge"
    },
    "facing=west,half=lower,hinge=right,open=true": {
      "y": 90,
      "model": "minecraft:block/jungle_door_bottom"
    },
    "facing=west,half=upper,hinge=left,open=false": {
      "y": 180,
      "model": "minecraft:block/jungle_door_top"
    },
    "facing=west,half=upper,hinge=left,open=true": {
      "y": 270,
      "model": "minecraft:block/jungle_door_top_hinge"
    },
    "facing=west,half=upper,hinge=right,open=false": {
      "y": 180,
      "model": "minecraft:block/jungle_door_top_hinge"
    },
    "facing=west,half=upper,hinge=right,open=true": {
      "y": 90,
      "model": "minecraft:block/jungle_door_top"
    }
  }
}