{
  "id": "18w03a",
  "type": "snapshot",
  "time": "2018-01-17T14:25:24+00:00",
  "releaseTime": "2018-01-17T14:25:24+00:00",
  "url": "https://piston-meta.mojang.com/v1/packages/8a966aa6baf8f359d84bf505937d9f654e12bdce/18w03a.json",
  "assets": "1.13",
  "asset_index": "https://launchermeta.mojang.com/v1/packages/23981354446ddc141dcf03cc4bfa6b2a9492aa90/1.13.json",
  "client": "https://launcher.mojang.com/v1/objects/b9e9cfa4e6019fa1d4aa7b368366b9d8979db2a1/client.jar",
  "client_mappings": null,
  "server": "https://launcher.mojang.com/v1/objects/713a291a4da5cad056964c1fcda8c888e154eb73/server.jar",
  "server_mappings": null
}