{
  "id": "15w43b",
  "type": "snapshot",
  "time": "2015-10-22T14:11:58+00:00",
  "releaseTime": "2015-10-22T14:11:58+00:00",
  "url": "https://piston-meta.mojang.com/v1/packages/dbcdd656e950cb52b9eb933094eaf94e415a151e/15w43b.json",
  "assets": "1.9",
  "asset_index": "https://launchermeta.mojang.com/v1/packages/06cc9a2c5ce504dc712ea2f699e4d645c48416dd/1.9.json",
  "client": "https://launcher.mojang.com/v1/objects/fb00ac4550199a99a3976f185309fcfe7e1ed1a6/client.jar",
  "client_mappings": null,
  "server": "https://launcher.mojang.com/v1/objects/3154e2f53b1a50159d53f0dc8e4f47857344690f/server.jar",
  "server_mappings": null
}