{
  "id": "21w20a",
  "type": "snapshot",
  "time": "2021-05-19T15:22:02+00:00",
  "releaseTime": "2021-05-19T15:22:02+00:00",
  "url": "https://piston-meta.mojang.com/v1/packages/b3d553adc9c0a7ec6dfb2b6d0bafc2b4e768498e/21w20a.json",
  "assets": "1.17",
  "asset_index": "https://launchermeta.mojang.com/v1/packages/778121f761dc8276a01d91120d54f33137b4c61b/1.17.json",
  "client": "https://launcher.mojang.com/v1/objects/f756009979e33058d57695a3599b4a2544d856ca/client.jar",
  "client_mappings": "https://launcher.mojang.com/v1/objects/e6bf5879f4ae3778540cf304483e035ef72416a3/client.txt",
  "server": "https://launcher.mojang.com/v1/objects/054b2065dd63c3e4227879046beae7acaeb7e8d3/server.jar",
  "server_mappings": "https://launcher.mojang.com/v1/objects/8d6960e996a40b8350f5973d8a237469a9a6a7bc/server.txt"
}