{
  "id": "1.8.1",
  "type": "release",
  "time": "2014-11-24T14:13:31+00:00",
  "releaseTime": "2014-11-24T14:13:31+00:00",
  "url": "https://piston-meta.mojang.com/v1/packages/62f9f77f67fd7d6c92cfae57cecd445be14ccd4e/1.8.1.json",
  "assets": "1.8",
  "asset_index": "https://launchermeta.mojang.com/v1/packages/f6ad102bcaa53b1a58358f16e376d548d44933ec/1.8.json",
  "client": "https://launcher.mojang.com/v1/objects/6edd2a3e3d76a7602c52f319f87cf11f7720b43b/client.jar",
  "client_mappings": null,
  "server": "https://launcher.mojang.com/v1/objects/68bfb524888f7c0ab939025e07e5de08843dac0f/server.jar",
  "server_mappings": null
}