{
  "id": "17w17a",
  "type": "snapshot",
  "time": "2017-04-26T13:48:23+00:00",
  "releaseTime": "2017-04-26T13:48:23+00:00",
  "url": "https://piston-meta.mojang.com/v1/packages/49d16540ce18168a33e7df1ef622cbec797f1f0f/17w17a.json",
  "assets": "1.12",
  "asset_index": "https://launchermeta.mojang.com/v1/packages/1584b57c1a0b5e593fad1f5b8f78536ca640547b/1.12.json",
  "client": "https://launcher.mojang.com/v1/objects/fa78ab696aa02914171deb57e31cfb737506f272/client.jar",
  "client_mappings": null,
  "server": "https://launcher.mojang.com/v1/objects/3795d253cfef44f1f1467422b4399d1770484dc0/server.jar",
  "server_mappings": null
}