{
  "id": "18w14a",
  "type": "snapshot",
  "time": "2018-04-04T14:36:14+00:00",
  "releaseTime": "2018-04-04T14:36:14+00:00",
  "url": "https://piston-meta.mojang.com/v1/packages/cf3dc2bacafe030c10568d78a40924149af06bec/18w14a.json",
  "assets": "1.13",
  "asset_index": "https://launchermeta.mojang.com/v1/packages/23981354446ddc141dcf03cc4bfa6b2a9492aa90/1.13.json",
  "client": "https://launcher.mojang.com/v1/objects/73885c6bf4fdcca8ab1ca22b56f69c9945725770/client.jar",
  "client_mappings": null,
  "server": "https://launcher.mojang.com/v1/objects/50b4ca8fe7853ae6757a163a80e67cb8437fb082/server.jar",
  "server_mappings": null
}