{
  "id": "15w35c",
  "type": "snapshot",
  "time": "2015-08-28T11:21:00+00:00",
  "releaseTime": "2015-08-28T11:21:00+00:00",
  "url": "https://piston-meta.mojang.com/v1/packages/362bda12d03da60b8481c79f4779bba7a2602c89/15w35c.json",
  "assets": "1.8",
  "asset_index": "https://launchermeta.mojang.com/v1/packages/f6ad102bcaa53b1a58358f16e376d548d44933ec/1.8.json",
  "client": "https://launcher.mojang.com/v1/objects/c5928359f77e74892dd8d496e9de4f1fca6e685d/client.jar",
  "client_mappings": null,
  "server": "https://launcher.mojang.com/v1/objects/a0f20e4bdd79e53d923d3fe2853ba11da993e6a1/server.jar",
  "server_mappings": null
}