{
  "id": "14w30c",
  "type": "snapshot",
  "time": "2014-07-24T14:39:09+00:00",
  "releaseTime": "2014-07-24T14:39:09+00:00",
  "url": "https://piston-meta.mojang.com/v1/packages/6327714a7712f723bb74492e2f5fcbb92b8b12a9/14w30c.json",
  "assets": "14w25a",
  "asset_index": "https://launchermeta.mojang.com/v1/packages/32ff354a3be1c4dd83027111e6d79ee4d701d2c0/14w25a.json",
  "client": "https://launcher.mojang.com/v1/objects/2ab883131b1ee8ef13e945fd6d4fef5b6f2f44ae/client.jar",
  "client_mappings": null,
  "server": "https://launcher.mojang.com/v1/objects/2c936d1f410d636a348f100ab926d94d92b743b7/server.jar",
  "server_mappings": null
}