{
    "__comment": "Fair warning, this format is highly likely to change even more in the future!",
    "useAmbientOcclusion": false,
    "inventoryRender3D": false,
    "elements": [
        {   "type": "plane",
            "from": [ 0, 1, 0.01 ],
            "to": [ 16, 23.4, 0.01 ],
            "facing": "south",
            "faceData": {
                "uv": [ 0, 0, 16, 16 ],
                "textureFacing": "up",
                "cull": false
            }
        },
        {   "type": "plane",
            "from": [ 0, 1, 0.01 ],
            "to": [ 16, 23.4, 0.01 ],
            "facing": "north",
            "faceData": {
                "uv": [ 0, 0, 16, 16 ],
                "textureFacing": "up",
                "cull": false
            }
        }
    ]
}
