{
  "id": "1.12.1",
  "type": "release",
  "time": "2017-08-03T12:40:39+00:00",
  "releaseTime": "2017-08-03T12:40:39+00:00",
  "url": "https://piston-meta.mojang.com/v1/packages/ece2a75ac1eb6cabef04106a15f340a4cb87d86b/1.12.1.json",
  "assets": "1.12",
  "asset_index": "https://launchermeta.mojang.com/v1/packages/1584b57c1a0b5e593fad1f5b8f78536ca640547b/1.12.json",
  "client": "https://launcher.mojang.com/v1/objects/83385d346cf7f97d1e447b888750fb88e9928b93/client.jar",
  "client_mappings": null,
  "server": "https://launcher.mojang.com/v1/objects/561c7b2d54bae80cc06b05d950633a9ac95da816/server.jar",
  "server_mappings": null
}