{
  "id": "18w49a",
  "type": "snapshot",
  "time": "2018-12-05T12:24:30+00:00",
  "releaseTime": "2018-12-05T12:24:30+00:00",
  "url": "https://piston-meta.mojang.com/v1/packages/7033863050ea4dc3a4b829cfc1d347d991699689/18w49a.json",
  "assets": "1.14",
  "asset_index": "https://launchermeta.mojang.com/v1/packages/d6c94fad4f7a03a8e46083c023926515fc0e551e/1.14.json",
  "client": "https://launcher.mojang.com/v1/objects/2a0b27ad8bd6cd2bb09e3a2210170fd0b5424c54/client.jar",
  "client_mappings": null,
  "server": "https://launcher.mojang.com/v1/objects/5b6eb767f6708d351e3d1009a44115bb033b854f/server.jar",
  "server_mappings": null
}