{
  "id": "19w02a",
  "type": "snapshot",
  "time": "2019-01-09T15:52:07+00:00",
  "releaseTime": "2019-01-09T15:52:07+00:00",
  "url": "https://piston-meta.mojang.com/v1/packages/ae10d5ccb31ef32365e7249e9695904ef4781618/19w02a.json",
  "assets": "1.14",
  "asset_index": "https://launchermeta.mojang.com/v1/packages/d6c94fad4f7a03a8e46083c023926515fc0e551e/1.14.json",
  "client": "https://launcher.mojang.com/v1/objects/8664f5d1b428d5ba8a936ab9c097cc78821d06e6/client.jar",
  "client_mappings": null,
  "server": "https://launcher.mojang.com/v1/objects/f8078dd487483a917645f7a5561290e28bd875c4/server.jar",
  "server_mappings": null
}