{
  "id": "1.16.3-rc1",
  "type": "snapshot",
  "time": "2020-09-07T12:34:06+00:00",
  "releaseTime": "2020-09-07T12:34:06+00:00",
  "url": "https://piston-meta.mojang.com/v1/packages/80962ff8d66d9e6be8ae71352b2ec8aa899a9d7b/1.16.3-rc1.json",
  "assets": "1.16",
  "asset_index": "https://launchermeta.mojang.com/v1/packages/28680197f74e5e1d55054f6a63509c8298d428f9/1.16.json",
  "client": "https://launcher.mojang.com/v1/objects/fffe9f9279f52fa8a5624f4753ac9215b17cabc3/client.jar",
  "client_mappings": "https://launcher.mojang.com/v1/objects/faac5028fbca3859db970cc4ca041aeec55f6d9d/client.txt",
  "server": "https://launcher.mojang.com/v1/objects/562bf3e75afea00875cff4a06165f93056646f32/server.jar",
  "server_mappings": "https://launcher.mojang.com/v1/objects/e75ff1e729aec4a3ec6a94fe1ddd2f5a87a2fd00/server.txt"
}