{
  "id": "15w32c",
  "type": "snapshot",
  "time": "2015-08-07T14:08:17+00:00",
  "releaseTime": "2015-08-07T14:08:17+00:00",
  "url": "https://piston-meta.mojang.com/v1/packages/2bf1e36bc4099bba503063ec507b7600ca088e4c/15w32c.json",
  "assets": "1.8",
  "asset_index": "https://launchermeta.mojang.com/v1/packages/f6ad102bcaa53b1a58358f16e376d548d44933ec/1.8.json",
  "client": "https://launcher.mojang.com/v1/objects/160d90035f2032db8bced2c1490b7c47d274c382/client.jar",
  "client_mappings": null,
  "server": "https://launcher.mojang.com/v1/objects/6bef1fd3f1cb34b1d6654d93c43abb899072bd24/server.jar",
  "server_mappings": null
}