{
  "id": "19w11a",
  "type": "snapshot",
  "time": "2019-03-13T13:59:29+00:00",
  "releaseTime": "2019-03-13T13:59:29+00:00",
  "url": "https://piston-meta.mojang.com/v1/packages/08288d16d3b9253c3d3230df04ed970b38f42dab/19w11a.json",
  "assets": "1.14",
  "asset_index": "https://launchermeta.mojang.com/v1/packages/d6c94fad4f7a03a8e46083c023926515fc0e551e/1.14.json",
  "client": "https://launcher.mojang.com/v1/objects/03e795efb9c91f2c4994826c45f3a99d2c695517/client.jar",
  "client_mappings": null,
  "server": "https://launcher.mojang.com/v1/objects/388221ffa9e8e1576e07f9839eadd2ac7bd51cbb/server.jar",
  "server_mappings": null
}