{
  "id": "18w14b",
  "type": "snapshot",
  "time": "2018-04-05T14:44:02+00:00",
  "releaseTime": "2018-04-05T14:44:02+00:00",
  "url": "https://piston-meta.mojang.com/v1/packages/145c2eec9e617b93eaf502dc8670868901d596d0/18w14b.json",
  "assets": "1.13",
  "asset_index": "https://launchermeta.mojang.com/v1/packages/23981354446ddc141dcf03cc4bfa6b2a9492aa90/1.13.json",
  "client": "https://launcher.mojang.com/v1/objects/d9b4fc98eb5242346ed0421f6ccd3c9032dc0514/client.jar",
  "client_mappings": null,
  "server": "https://launcher.mojang.com/v1/objects/85d6445fc4596e6b69fb00f0d3e5462dfeeb933c/server.jar",
  "server_mappings": null
}