{
  "id": "1.14_combat-212796",
  "type": "pending",
  "time": "2019-06-20T13:23:44+00:00",
  "releaseTime": "2019-06-20T13:23:44+00:00",
  "url": "https://launcher.mojang.com/experiments/combat/610f5c9874ba8926d5ae1bcce647e5f0e6e7c889/1_14_combat-212796.zip",
  "assets": "1.14",
  "asset_index": "https://launchermeta.mojang.com/v1/packages/abff559a3c834dbb6c9664d49293efbf625b3de2/1.14.json",
  "client": "https://launcher.mojang.com/v1/objects/98cb56935c762c412b64ddda8e3851544243fb2d/client.jar",
  "client_mappings": null,
  "server": "https://launcher.mojang.com/v1/objects/168ae89abc66fd4ee2d84c844cd980ddae26e784/server.jar",
  "server_mappings": null
}