{
  "id": "18w19a",
  "type": "snapshot",
  "time": "2018-05-08T13:05:19+00:00",
  "releaseTime": "2018-05-08T13:05:19+00:00",
  "url": "https://piston-meta.mojang.com/v1/packages/dc8c8f0826b4b495eb59584885c590db058eba55/18w19a.json",
  "assets": "1.13",
  "asset_index": "https://launchermeta.mojang.com/v1/packages/23981354446ddc141dcf03cc4bfa6b2a9492aa90/1.13.json",
  "client": "https://launcher.mojang.com/v1/objects/d52b2e8f15a764000c1ca6dabab4440069ff97a4/client.jar",
  "client_mappings": null,
  "server": "https://launcher.mojang.com/v1/objects/97ad982d57fb7b7cb9dc28ffd87c79538b1901f6/server.jar",
  "server_mappings": null
}