{
    "__comment": "Fair warning, this format is highly likely to change even more in the future!",
    "name": "crop",
    "useAmbientOcclusion": false,
    "inventoryRender3D": false,
    "elements": [
        {   "type": "plane",
            "from": [ 4, 0, 0 ],
            "to": [ 4, 16, 16 ],
            "uv": [ 0, 0, 16, 16, "down" ],
            "facing": "west",
            "cull": false
        },
        {   "type": "plane",
            "from": [ 4, 0, 0 ],
            "to": [ 4, 16, 16 ],
            "uv": [ 0, 0, 16, 16, "down" ],
            "facing": "east",
            "cull": false
        },
        {   "type": "plane",
            "from": [ 12, 0, 0 ],
            "to": [ 12, 16, 16 ],
            "uv": [ 0, 0, 16, 16, "down" ],
            "facing": "east",
            "cull": false
        },
        {   "type": "plane",
            "from": [ 12, 0, 0 ],
            "to": [ 12, 16, 16 ],
            "uv": [ 0, 0, 16, 16, "down" ],
            "facing": "west",
            "cull": false
        },
        {   "type": "plane",
            "from": [ 0, 0, 4 ],
            "to": [ 16, 16, 4 ],
            "uv": [ 0, 0, 16, 16, "down" ],
            "facing": "north",
            "cull": false
        },
        {   "type": "plane",
            "from": [ 0, 0, 4 ],
            "to": [ 16, 16, 4 ],
            "uv": [ 0, 0, 16, 16, "down" ],
            "facing": "south",
            "cull": false
        },
        {   "type": "plane",
            "from": [ 0, 0, 12 ],
            "to": [ 16, 16, 12 ],
            "uv": [ 0, 0, 16, 16, "down" ],
            "facing": "south",
            "cull": false
        },
        {   "type": "plane",
            "from": [ 0, 0, 12 ],
            "to": [ 16, 16, 12 ],
            "uv": [ 0, 0, 16, 16, "down" ],
            "facing": "north",
            "cull": false
        }
    ]
}
