{
  "id": "15w32a",
  "type": "snapshot",
  "time": "2015-08-05T12:22:42+00:00",
  "releaseTime": "2015-08-05T12:22:42+00:00",
  "url": "https://piston-meta.mojang.com/v1/packages/4e80b2295bdb531e64326c4d3fbf93e8d330c5e7/15w32a.json",
  "assets": "1.8",
  "asset_index": "https://launchermeta.mojang.com/v1/packages/f6ad102bcaa53b1a58358f16e376d548d44933ec/1.8.json",
  "client": "https://launcher.mojang.com/v1/objects/6f85d469a2f6e8d24cc71f1882eba1142ecc29bd/client.jar",
  "client_mappings": null,
  "server": "https://launcher.mojang.com/v1/objects/5cb1aa4a4b26979405cea5a181bbe38b72a85add/server.jar",
  "server_mappings": null
}