{
    "variants": {
        "facing=north,honey_level=0": { "model": "block/bee_hive" },
        "facing=south,honey_level=0": { "model": "block/bee_hive", "y": 180 },
        "facing=west,honey_level=0":  { "model": "block/bee_hive", "y": 270 },
        "facing=east,honey_level=0":  { "model": "block/bee_hive", "y": 90 },
        "facing=north,honey_level=1": { "model": "block/bee_hive" },
        "facing=south,honey_level=1": { "model": "block/bee_hive", "y": 180 },
        "facing=west,honey_level=1":  { "model": "block/bee_hive", "y": 270 },
        "facing=east,honey_level=1":  { "model": "block/bee_hive", "y": 90 },
        "facing=north,honey_level=2": { "model": "block/bee_hive" },
        "facing=south,honey_level=2": { "model": "block/bee_hive", "y": 180 },
        "facing=west,honey_level=2":  { "model": "block/bee_hive", "y": 270 },
        "facing=east,honey_level=2":  { "model": "block/bee_hive", "y": 90 },
        "facing=north,honey_level=3": { "model": "block/bee_hive" },
        "facing=south,honey_level=3": { "model": "block/bee_hive", "y": 180 },
        "facing=west,honey_level=3":  { "model": "block/bee_hive", "y": 270 },
        "facing=east,honey_level=3":  { "model": "block/bee_hive", "y": 90 },
        "facing=north,honey_level=4": { "model": "block/bee_hive" },
        "facing=south,honey_level=4": { "model": "block/bee_hive", "y": 180 },
        "facing=west,honey_level=4":  { "model": "block/bee_hive", "y": 270 },
        "facing=east,honey_level=4":  { "model": "block/bee_hive", "y": 90 },
        "facing=north,honey_level=5": { "model": "block/bee_hive_honey" },
        "facing=south,honey_level=5": { "model": "block/bee_hive_honey", "y": 180 },
        "facing=west,honey_level=5":  { "model": "block/bee_hive_honey", "y": 270 },
        "facing=east,honey_level=5":  { "model": "block/bee_hive_honey", "y": 90 }
    }
}
