{
  "id": "14w28b",
  "type": "snapshot",
  "time": "2014-07-10T14:28:48+00:00",
  "releaseTime": "2014-07-10T14:28:48+00:00",
  "url": "https://piston-meta.mojang.com/v1/packages/c18437b0194fb2af464b5fe0cb67ed0eeafb44e8/14w28b.json",
  "assets": "14w25a",
  "asset_index": "https://launchermeta.mojang.com/v1/packages/32ff354a3be1c4dd83027111e6d79ee4d701d2c0/14w25a.json",
  "client": "https://launcher.mojang.com/v1/objects/b27a6f1882728b61a71d68c9a1c2454ff802a21b/client.jar",
  "client_mappings": null,
  "server": "https://launcher.mojang.com/v1/objects/aacec09f5ed0475eb474052a4a55b3ca6edaeecc/server.jar",
  "server_mappings": null
}