{
  "id": "15w35b",
  "type": "snapshot",
  "time": "2015-08-24T15:39:18+00:00",
  "releaseTime": "2015-08-24T15:39:18+00:00",
  "url": "https://piston-meta.mojang.com/v1/packages/fda82bd0b305eba9607742b9314a41a54f0a9952/15w35b.json",
  "assets": "1.8",
  "asset_index": "https://launchermeta.mojang.com/v1/packages/f6ad102bcaa53b1a58358f16e376d548d44933ec/1.8.json",
  "client": "https://launcher.mojang.com/v1/objects/2c73745d684db77aa0dc4a85fa96902918c0ddc5/client.jar",
  "client_mappings": null,
  "server": "https://launcher.mojang.com/v1/objects/e92badd361f83730436c010044099fdf1af60bab/server.jar",
  "server_mappings": null
}