{
  "id": "19w38a",
  "type": "snapshot",
  "time": "2019-09-18T10:03:22+00:00",
  "releaseTime": "2019-09-18T10:03:22+00:00",
  "url": "https://piston-meta.mojang.com/v1/packages/5fd4c2e92056d7ad3727af992a1c1c1a96f892e6/19w38a.json",
  "assets": "1.15",
  "asset_index": "https://launchermeta.mojang.com/v1/packages/3b41ad81220d2f21ff5b343629de725047dac13d/1.15.json",
  "client": "https://launcher.mojang.com/v1/objects/33e153dbada31777c9344d3e21398f825bd92064/client.jar",
  "client_mappings": "https://launcher.mojang.com/v1/objects/84ee8264e58ce485d6906b63aab6fbc949a5ecd1/client.txt",
  "server": "https://launcher.mojang.com/v1/objects/e40184002fa2e183de5fda0229d0709cfd6bfe8a/server.jar",
  "server_mappings": "https://launcher.mojang.com/v1/objects/df2f5f21b2681f88536066a808dae05dd5be8748/server.txt"
}