{
  "id": "15w40a",
  "type": "snapshot",
  "time": "2015-09-30T13:13:54+00:00",
  "releaseTime": "2015-09-30T13:13:54+00:00",
  "url": "https://piston-meta.mojang.com/v1/packages/f5c9662f1674f7f0e55e82a77109ad88a6bc9df7/15w40a.json",
  "assets": "1.8",
  "asset_index": "https://launchermeta.mojang.com/v1/packages/f6ad102bcaa53b1a58358f16e376d548d44933ec/1.8.json",
  "client": "https://launcher.mojang.com/v1/objects/582827b571e0039358b75e8552b9491c24737e5b/client.jar",
  "client_mappings": null,
  "server": "https://launcher.mojang.com/v1/objects/be6ffb291a743f64abff316bf96933a029e78712/server.jar",
  "server_mappings": null
}