{
    "__comment": "Fair warning, this format is highly likely to change even more in the future!",
    "useAmbientOcclusion": false,
    "inventoryRender3D": false,
    "elements": [
        {   "type": "cube",
            "from": [ 5, 0, 5 ],
            "to": [ 6, 6, 11 ],
            "faceData": {
                "down": {
                    "uv": [ 5, 5, 6, 11 ],
                    "textureFacing": "down"
                },
                "up": {
                    "uv": [ 5, 5, 6, 11 ],
                    "textureFacing": "down",
                    "cull": false
                },
                "north": {
                    "uv": [ 10, 10, 11, 16 ],
                    "textureFacing": "down",
                    "cull": false
                },
                "south": {
                    "uv": [ 5, 10, 6, 16 ],
                    "textureFacing": "down",
                    "cull": false
                },
                "west": {
                    "uv": [ 5, 10, 11, 16 ],
                    "textureFacing": "down",
                    "cull": false
                },
                "east": {
                    "uv": [ 5, 10, 11, 16 ],
                    "textureFacing": "down",
                    "cull": false
                }
            }
        },
        {   "type": "cube",
            "from": [ 10, 0, 5 ],
            "to": [ 11, 6, 11 ],
            "faceData": {
                "down": {
                    "uv": [ 10, 5, 11, 11 ],
                    "textureFacing": "down"
                },
                "up": {
                    "uv": [ 10, 5, 11, 11 ],
                    "textureFacing": "down",
                    "cull": false
                },
                "north": {
                    "uv": [ 5, 10, 6, 16 ],
                    "textureFacing": "down",
                    "cull": false
                },
                "south": {
                    "uv": [ 10, 10, 11, 16 ],
                    "textureFacing": "down",
                    "cull": false
                },
                "west": {
                    "uv": [ 5, 10, 11, 16 ],
                    "textureFacing": "down",
                    "cull": false
                },
                "east": {
                    "uv": [ 5, 10, 11, 16 ],
                    "textureFacing": "down",
                    "cull": false
                }
            }
        },
        {   "type": "cube",
            "from": [ 6, 0, 5 ],
            "to": [ 10, 6, 6 ],
            "faceData": {
                "down": {
                    "uv": [ 6, 10, 10, 11 ],
                    "textureFacing": "down"
                },
                "up": {
                    "uv": [ 6, 5, 10, 6 ],
                    "textureFacing": "down",
                    "cull": false
                },
                "north": {
                    "uv": [ 6, 10, 10, 16 ],
                    "textureFacing": "down",
                    "cull": false
                },
                "south": {
                    "uv": [ 6, 10, 10, 16 ],
                    "textureFacing": "down",
                    "cull": false
                }
            }
        },
        {   "type": "cube",
            "from": [ 6, 0, 10 ],
            "to": [ 10, 6, 11 ],
            "faceData": {
                "down": {
                    "uv": [ 6, 5, 10, 6 ],
                    "textureFacing": "down"
                },
                "up": {
                    "uv": [ 6, 10, 10, 11 ],
                    "textureFacing": "down",
                    "cull": false
                },
                "north": {
                    "uv": [ 6, 10, 10, 16 ],
                    "textureFacing": "down",
                    "cull": false
                },
                "south": {
                    "uv": [ 6, 10, 10, 16 ],
                    "textureFacing": "down",
                    "cull": false
                }
            }
        },
        {   "type": "cube",
            "from": [ 6, 0, 6 ],
            "to": [ 10, 4, 10 ],
            "faceData": {
                "down": {
                    "uv": [ 6, 6, 10, 10 ],
                    "textureFacing": "down"
                },
                "up": {
                    "uv": [ 6, 6, 10, 10 ],
                    "textureFacing": "up",
                    "cull": false
                }
            }
        },
        {   "type": "plane",
            "from": [ 2.6, 4, 8 ],
            "to": [ 13.4, 16, 8 ],
            "facing": "south",
            "rotation": [ 0, 45, 0 ],
            "rescaleRotation": true,
            "faceData": {
                "uv": [ 0, 0, 16, 16 ],
                "textureFacing": "north",
                "tint": true,
                "cull": false
            }
        },
        {   "type": "plane",
            "from": [ 2.6, 4, 8 ],
            "to": [ 13.4, 16, 8 ],
            "facing": "north",
            "rotation": [ 0, 45, 0 ],
            "rescaleRotation": true,
            "faceData": {
                "uv": [ 0, 0, 16, 16 ],
                "textureFacing": "north",
                "tint": true,
                "cull": false
            }
        },
        {   "type": "plane",
            "from": [ 8, 4, 2.6 ],
            "to": [ 8, 16, 13.4 ],
            "facing": "east",
            "rotation": [ 0, 45, 0 ],
            "rescaleRotation": true,
            "faceData": {
                "uv": [ 0, 0, 16, 16 ],
                "textureFacing": "north",
                "tint": true,
                "cull": false
            }
        },
        {   "type": "plane",
            "from": [ 8, 4, 2.6 ],
            "to": [ 8, 16, 13.4 ],
            "facing": "west",
            "rotation": [ 0, 45, 0 ],
            "rescaleRotation": true,
            "faceData": {
                "uv": [ 0, 0, 16, 16 ],
                "textureFacing": "north",
                "tint": true,
                "cull": false
            }
        }
    ]
}
