{
  "id": "1.15.1-pre1",
  "type": "snapshot",
  "time": "2019-12-12T14:02:30+00:00",
  "releaseTime": "2019-12-12T14:02:30+00:00",
  "url": "https://piston-meta.mojang.com/v1/packages/27ceb6dbdca4821a509ed70d26773cfecef4ce63/1.15.1-pre1.json",
  "assets": "1.15",
  "asset_index": "https://launchermeta.mojang.com/v1/packages/3b41ad81220d2f21ff5b343629de725047dac13d/1.15.json",
  "client": "https://launcher.mojang.com/v1/objects/70e27f84a178951b0df7c42c7b9313782cb9925e/client.jar",
  "client_mappings": "https://launcher.mojang.com/v1/objects/054ee5085ec49b6d037d10d43c04fd4c9c3b9f4b/client.txt",
  "server": "https://launcher.mojang.com/v1/objects/289a247dd42928880769398b049d3890513f2917/server.jar",
  "server_mappings": "https://launcher.mojang.com/v1/objects/3a818e8d2f85b4a1ca6a35bac57be84e81d907a7/server.txt"
}