{
  "id": "21w17a",
  "type": "snapshot",
  "time": "2021-04-28T13:54:05+00:00",
  "releaseTime": "2021-04-28T13:54:05+00:00",
  "url": "https://piston-meta.mojang.com/v1/packages/9578e078526163f9eac3cc0f87057721b406e820/21w17a.json",
  "assets": "1.17",
  "asset_index": "https://launchermeta.mojang.com/v1/packages/778121f761dc8276a01d91120d54f33137b4c61b/1.17.json",
  "client": "https://launcher.mojang.com/v1/objects/6f0597c8dfef133d59cdce2c629a37f0e259512b/client.jar",
  "client_mappings": "https://launcher.mojang.com/v1/objects/ef21afb3f08a213441012c16455210cd35e52a2a/client.txt",
  "server": "https://launcher.mojang.com/v1/objects/ec995f939bb41a785f960985e73821c7044fc32e/server.jar",
  "server_mappings": "https://launcher.mojang.com/v1/objects/993c616af95fb18c76524dbb190fcd425b60fc48/server.txt"
}