{
  "id": "1.13-pre3",
  "type": "snapshot",
  "time": "2018-06-21T12:57:11+00:00",
  "releaseTime": "2018-06-21T12:57:11+00:00",
  "url": "https://piston-meta.mojang.com/v1/packages/1fcc1e73021190b41a5bf20b65985c191292b855/1.13-pre3.json",
  "assets": "1.13",
  "asset_index": "https://launchermeta.mojang.com/v1/packages/23981354446ddc141dcf03cc4bfa6b2a9492aa90/1.13.json",
  "client": "https://launcher.mojang.com/v1/objects/94f2e86f94d7d80c19ec1d3d637b1ef2d862be9e/client.jar",
  "client_mappings": null,
  "server": "https://launcher.mojang.com/v1/objects/5406f31cb5274ae48938851de697b32976ecb499/server.jar",
  "server_mappings": null
}