{
  "id": "1.8.2-pre7",
  "type": "snapshot",
  "time": "2015-02-16T13:01:35+00:00",
  "releaseTime": "2015-02-16T13:01:35+00:00",
  "url": "https://piston-meta.mojang.com/v1/packages/d07a07da8ffe68a0929710c72346073a02a94933/1.8.2-pre7.json",
  "assets": "1.8",
  "asset_index": "https://launchermeta.mojang.com/v1/packages/f6ad102bcaa53b1a58358f16e376d548d44933ec/1.8.json",
  "client": "https://launcher.mojang.com/v1/objects/07e1062c3fadbf70b10a819bf5c3a9a12339be9f/client.jar",
  "client_mappings": null,
  "server": "https://launcher.mojang.com/v1/objects/61039f9df585c52fbeb2e95d1754852ac00b4344/server.jar",
  "server_mappings": null
}