{
  "id": "15w31c",
  "type": "snapshot",
  "time": "2015-07-31T13:45:08+00:00",
  "releaseTime": "2015-07-31T13:45:08+00:00",
  "url": "https://piston-meta.mojang.com/v1/packages/1345a9c6d2442415e5980c12fd7bd838072dbd90/15w31c.json",
  "assets": "1.8",
  "asset_index": "https://launchermeta.mojang.com/v1/packages/f6ad102bcaa53b1a58358f16e376d548d44933ec/1.8.json",
  "client": "https://launcher.mojang.com/v1/objects/a903feeba306b3e2415ec97757a9a32b4a27859d/client.jar",
  "client_mappings": null,
  "server": "https://launcher.mojang.com/v1/objects/4fec021cc8110ce87451e22e23e958ce9d8d61f2/server.jar",
  "server_mappings": null
}