{
  "id": "18w06a",
  "type": "snapshot",
  "time": "2018-02-09T12:09:55+00:00",
  "releaseTime": "2018-02-09T12:09:55+00:00",
  "url": "https://piston-meta.mojang.com/v1/packages/42204d4625f9c541bc78685bd0113ab6620c615d/18w06a.json",
  "assets": "1.13",
  "asset_index": "https://launchermeta.mojang.com/v1/packages/23981354446ddc141dcf03cc4bfa6b2a9492aa90/1.13.json",
  "client": "https://launcher.mojang.com/v1/objects/78ed8d3359453614d8f69bd982111e8aa6c8f612/client.jar",
  "client_mappings": null,
  "server": "https://launcher.mojang.com/v1/objects/4e47158fd42d966884a7ffb7440b35d86c038049/server.jar",
  "server_mappings": null
}