{
  "id": "15w44a",
  "type": "snapshot",
  "time": "2015-10-28T15:09:36+00:00",
  "releaseTime": "2015-10-28T15:09:36+00:00",
  "url": "https://piston-meta.mojang.com/v1/packages/5ac6e4336887fc3300955e705f395095855b1a65/15w44a.json",
  "assets": "1.9",
  "asset_index": "https://launchermeta.mojang.com/v1/packages/06cc9a2c5ce504dc712ea2f699e4d645c48416dd/1.9.json",
  "client": "https://launcher.mojang.com/v1/objects/ab3e8b04d85b873a028ba7fd49a325c61d4ab360/client.jar",
  "client_mappings": null,
  "server": "https://launcher.mojang.com/v1/objects/087cd273ee072bf626f89da4ccbb2841854f39ed/server.jar",
  "server_mappings": null
}