{
  "id": "20w49a",
  "type": "snapshot",
  "time": "2020-12-02T16:47:20+00:00",
  "releaseTime": "2020-12-02T16:47:20+00:00",
  "url": "https://piston-meta.mojang.com/v1/packages/f06317a5766e6e8c9f8bf93502eed3e07defaee9/20w49a.json",
  "assets": "1.17",
  "asset_index": "https://launchermeta.mojang.com/v1/packages/778121f761dc8276a01d91120d54f33137b4c61b/1.17.json",
  "client": "https://launcher.mojang.com/v1/objects/818705401f58ee4df2267bf97fa2e0fb6e78ce28/client.jar",
  "client_mappings": "https://launcher.mojang.com/v1/objects/141219c3dd05268d559a5e17e8b8f1f0bf982598/client.txt",
  "server": "https://launcher.mojang.com/v1/objects/2fc0afe1fd31ca872761efbd2a7f635db234b359/server.jar",
  "server_mappings": "https://launcher.mojang.com/v1/objects/0b30deba62ef6c2064dfd12f4f46b9d6388d9c8c/server.txt"
}