{
  "id": "1.14.1 Pre-Release 2",
  "type": "snapshot",
  "time": "2019-05-09T14:01:04+00:00",
  "releaseTime": "2019-05-09T14:01:04+00:00",
  "url": "https://piston-meta.mojang.com/v1/packages/292e1547a1840ede46346ada4fb67118fe94171a/1.14.1%20Pre-Release%202.json",
  "assets": "1.14",
  "asset_index": "https://launchermeta.mojang.com/v1/packages/d6c94fad4f7a03a8e46083c023926515fc0e551e/1.14.json",
  "client": "https://launcher.mojang.com/v1/objects/4074da2da9e8207c022e5e12355d4fe87063b86b/client.jar",
  "client_mappings": null,
  "server": "https://launcher.mojang.com/v1/objects/ea3a8bee27e1ca4185bf703fb4e414800f533fc9/server.jar",
  "server_mappings": null
}