{
    "__comment": "Fair warning, this format is highly likely to change even more in the future!",
    "variants": {
        "bottom_lh_closed_east":  { "model": "door" },
        "bottom_lh_closed_south": { "model": "door", "y": 90 },
        "bottom_lh_closed_west":  { "model": "door", "y": 180 },
        "bottom_lh_closed_north": { "model": "door", "y": 270 },
        "bottom_rh_closed_east":  { "model": "door" },
        "bottom_rh_closed_south": { "model": "door", "y": 90 },
        "bottom_rh_closed_west":  { "model": "door", "y": 180 },
        "bottom_rh_closed_north": { "model": "door", "y": 270 },
        "bottom_lh_open_east":  { "model": "door", "y": 90 },
        "bottom_lh_open_south": { "model": "door", "y": 180 },
        "bottom_lh_open_west":  { "model": "door", "y": 270 },
        "bottom_lh_open_north": { "model": "door" },
        "bottom_rh_open_east":  { "model": "door", "y": 270 },
        "bottom_rh_open_south": { "model": "door" },
        "bottom_rh_open_west":  { "model": "door", "y": 90 },
        "bottom_rh_open_north": { "model": "door", "y": 180 },
        "top_lh_closed_east":  { "model": "door" },
        "top_lh_closed_south": { "model": "door", "y": 90 },
        "top_lh_closed_west":  { "model": "door", "y": 180 },
        "top_lh_closed_north": { "model": "door", "y": 270 },
        "top_rh_closed_east":  { "model": "door" },
        "top_rh_closed_south": { "model": "door", "y": 90 },
        "top_rh_closed_west":  { "model": "door", "y": 180 },
        "top_rh_closed_north": { "model": "door", "y": 270 },
        "top_lh_open_east":  { "model": "door", "y": 90 },
        "top_lh_open_south": { "model": "door", "y": 180 },
        "top_lh_open_west":  { "model": "door", "y": 270 },
        "top_lh_open_north": { "model": "door" },
        "top_rh_open_east":  { "model": "door", "y": 270 },
        "top_rh_open_south": { "model": "door" },
        "top_rh_open_west":  { "model": "door", "y": 90 },
        "top_rh_open_north": { "model": "door", "y": 180 }
    }
}
