{
  "id": "1.4.3",
  "type": "snapshot",
  "time": "2012-11-30T22:00:00+00:00",
  "releaseTime": "2012-11-30T22:00:00+00:00",
  "url": "https://piston-meta.mojang.com/v1/packages/180deba5c263367e914217be0701bd9e1a44f13b/1.4.3.json",
  "assets": "pre-1.6",
  "asset_index": "https://launchermeta.mojang.com/v1/packages/4759bad2824e419da9db32861fcdc3a274336532/pre-1.6.json",
  "client": "https://launcher.mojang.com/v1/objects/f7274b201219b5729055bf85683eb6ef4f8024b4/client.jar",
  "client_mappings": null,
  "server": "https://launcher.mojang.com/v1/objects/9be68adf6e80721975df12f2445fa24617328d18/server.jar",
  "server_mappings": null
}