{
  "rewards": {
    "recipes": [
      "minecraft:orange_bed"
    ]
  },
  "criteria": {
    "has_the_recipe": {
      "trigger": "minecraft:recipe_unlocked",
      "conditions": {
        "recipe": "orange_bed"
      }
    },
    "has_orange_wool": {
      "trigger": "minecraft:inventory_changed",
      "conditions": {
        "items": [
          {
            "item": "minecraft:wool",
            "data": 1
          }
        ]
      }
    }
  },
  "requirements": [
    [
      "has_the_recipe"
    ],
    [
      "has_orange_wool"
    ]
  ]
}