{
  "id": "1.8.4",
  "type": "release",
  "time": "2015-04-17T11:37:50+00:00",
  "releaseTime": "2015-04-17T11:37:50+00:00",
  "url": "https://piston-meta.mojang.com/v1/packages/043b84efde9fc25d849e979329c03101ac9b7795/1.8.4.json",
  "assets": "1.8",
  "asset_index": "https://launchermeta.mojang.com/v1/packages/f6ad102bcaa53b1a58358f16e376d548d44933ec/1.8.json",
  "client": "https://launcher.mojang.com/v1/objects/459204fabee3fd9976a6c942b24cbd8382d02d6e/client.jar",
  "client_mappings": null,
  "server": "https://launcher.mojang.com/v1/objects/dd4b5eba1c79500390e0b0f45162fa70d38f8a3d/server.jar",
  "server_mappings": null
}