{
  "id": "1.13-pre2",
  "type": "snapshot",
  "time": "2018-06-15T09:20:00+00:00",
  "releaseTime": "2018-06-15T09:20:00+00:00",
  "url": "https://piston-meta.mojang.com/v1/packages/6e1e8a40b4301e67f6eb17b1b5ce7aabd88455cb/1.13-pre2.json",
  "assets": "1.13",
  "asset_index": "https://launchermeta.mojang.com/v1/packages/23981354446ddc141dcf03cc4bfa6b2a9492aa90/1.13.json",
  "client": "https://launcher.mojang.com/v1/objects/b833d32e1846989a61c6c3faa40232bb72bd59de/client.jar",
  "client_mappings": null,
  "server": "https://launcher.mojang.com/v1/objects/5b312060d457a1f75846afd3935ec3f140da3942/server.jar",
  "server_mappings": null
}