{
  "id": "13w39a",
  "type": "snapshot",
  "time": "2013-09-26T15:11:19+00:00",
  "releaseTime": "2013-09-26T15:11:19+00:00",
  "url": "https://piston-meta.mojang.com/v1/packages/61b88e8c311ed6a647ebf13d9934c6a1e3a94a75/13w39a.json",
  "assets": "legacy",
  "asset_index": "https://launchermeta.mojang.com/v1/packages/770572e819335b6c0a053f8378ad88eda189fc14/legacy.json",
  "client": "https://launcher.mojang.com/v1/objects/b091a8b92b9d0b1f23ee2fd1a048b751f437ff76/client.jar",
  "client_mappings": null,
  "server": "https://launcher.mojang.com/v1/objects/10e8687a623cb3def606fa3855aaed5ef79aac66/server.jar",
  "server_mappings": null
}