{
  "id": "15w41b",
  "type": "snapshot",
  "time": "2015-10-07T14:07:26+00:00",
  "releaseTime": "2015-10-07T14:07:26+00:00",
  "url": "https://piston-meta.mojang.com/v1/packages/27ab9716cf332d457be085a808eb170fe1a1ff2c/15w41b.json",
  "assets": "1.8",
  "asset_index": "https://launchermeta.mojang.com/v1/packages/f6ad102bcaa53b1a58358f16e376d548d44933ec/1.8.json",
  "client": "https://launcher.mojang.com/v1/objects/83b7a7c64fb3fd11c2923bda1574276c1bcdded7/client.jar",
  "client_mappings": null,
  "server": "https://launcher.mojang.com/v1/objects/994a048f6a3f8f800f2807545b8401617c553dfc/server.jar",
  "server_mappings": null
}