{
  "id": "15w35a",
  "type": "snapshot",
  "time": "2015-08-24T14:19:31+00:00",
  "releaseTime": "2015-08-24T14:19:31+00:00",
  "url": "https://piston-meta.mojang.com/v1/packages/801ae2c7be9b3e558a7aef6c766bddb74d4be66a/15w35a.json",
  "assets": "1.8",
  "asset_index": "https://launchermeta.mojang.com/v1/packages/f6ad102bcaa53b1a58358f16e376d548d44933ec/1.8.json",
  "client": "https://launcher.mojang.com/v1/objects/2880da12d8997ad4c669b7531a09e64c7e038f10/client.jar",
  "client_mappings": null,
  "server": "https://launcher.mojang.com/v1/objects/a3a1c19d861bce39a129ef18226449ea02afb58a/server.jar",
  "server_mappings": null
}