{
  "id": "1.8-pre1",
  "type": "snapshot",
  "time": "2014-08-21T13:56:26+00:00",
  "releaseTime": "2014-08-21T13:56:26+00:00",
  "url": "https://piston-meta.mojang.com/v1/packages/00ddc59925abc10e08047c94657e3365b1e031d6/1.8-pre1.json",
  "assets": "14w31a",
  "asset_index": "https://launchermeta.mojang.com/v1/packages/10a2a0e75b03cfb5a7196abbdf43b54f7fa61deb/14w31a.json",
  "client": "https://launcher.mojang.com/v1/objects/7f943ab9342e7d63d7857486ba964d8c763799cc/client.jar",
  "client_mappings": null,
  "server": "https://launcher.mojang.com/v1/objects/88b759849519ca8a7592a2e90d6891c98f50cc17/server.jar",
  "server_mappings": null
}