{
    "display": {
        "icon": {
            "item": "minecraft:diamond"
        },
        "title": "Diamonds!",
        "description": "Acquire diamonds"
    },
    "parent": "minecraft:story/iron_tools",
    "criteria": {
        "diamond": {
            "trigger": "minecraft:inventory_changed",
            "conditions": {
                "items": [
                    {
                        "item": "minecraft:diamond"
                    }
                ]
            }
        }
    }
}