{
    "display": {
        "icon": {
            "item": "minecraft:diamond_chestplate"
        },
        "title": "Cover Me With Diamonds",
        "description": "Diamond armor saves lives"
    },
    "parent": "minecraft:story/mine_diamond",
    "criteria": {
        "diamond_helmet": {
            "trigger": "minecraft:inventory_changed",
            "conditions": {
                "items": [
                    {
                        "item": "minecraft:diamond_helmet"
                    }
                ]
            }
        },
        "diamond_chestplate": {
            "trigger": "minecraft:inventory_changed",
            "conditions": {
                "items": [
                    {
                        "item": "minecraft:diamond_chestplate"
                    }
                ]
            }
        },
        "diamond_leggings": {
            "trigger": "minecraft:inventory_changed",
            "conditions": {
                "items": [
                    {
                        "item": "minecraft:diamond_leggings"
                    }
                ]
            }
        },
        "diamond_boots": {
            "trigger": "minecraft:inventory_changed",
            "conditions": {
                "items": [
                    {
                        "item": "minecraft:diamond_boots"
                    }
                ]
            }
        }
    },
    "requirements": [
        [
            "diamond_helmet"
        ],
        [
            "diamond_chestplate"
        ],
        [
            "diamond_leggings"
        ],
        [
            "diamond_boots"
        ]
    ]
}