{
  "id": "19w12b",
  "type": "snapshot",
  "time": "2019-03-21T15:20:01+00:00",
  "releaseTime": "2019-03-21T15:20:01+00:00",
  "url": "https://piston-meta.mojang.com/v1/packages/b5faf778f1026d1904723f1db2d81b3044c957d9/19w12b.json",
  "assets": "1.14",
  "asset_index": "https://launchermeta.mojang.com/v1/packages/d6c94fad4f7a03a8e46083c023926515fc0e551e/1.14.json",
  "client": "https://launcher.mojang.com/v1/objects/2fc0501773a90d120c9f6476037c4bfba554a549/client.jar",
  "client_mappings": null,
  "server": "https://launcher.mojang.com/v1/objects/37d6d9753b8eac2420e9deba132c38e00c8204c3/server.jar",
  "server_mappings": null
}