{
  "id": "1.17-pre3",
  "type": "snapshot",
  "time": "2021-06-01T15:43:46+00:00",
  "releaseTime": "2021-06-01T15:43:46+00:00",
  "url": "https://piston-meta.mojang.com/v1/packages/fa72817f8278fa7433a6f26c1417ef747f03cbb4/1.17-pre3.json",
  "assets": "1.17",
  "asset_index": "https://launchermeta.mojang.com/v1/packages/778121f761dc8276a01d91120d54f33137b4c61b/1.17.json",
  "client": "https://launcher.mojang.com/v1/objects/3d587b97faf19d4c2fa63e03d1920eb37a95920b/client.jar",
  "client_mappings": "https://launcher.mojang.com/v1/objects/33e1b9881086dab9e89e919797fbf323870d2469/client.txt",
  "server": "https://launcher.mojang.com/v1/objects/18abbb3f980fc9b05188535db45a67276ea41f90/server.jar",
  "server_mappings": "https://launcher.mojang.com/v1/objects/394bffe6a0ba2ee2eaeb7163b0184afc533c704c/server.txt"
}