{
  "id": "1.8.7",
  "type": "release",
  "time": "2015-06-05T10:10:44+00:00",
  "releaseTime": "2015-06-05T10:10:44+00:00",
  "url": "https://piston-meta.mojang.com/v1/packages/7152f102903cd3ce7514d84c8ac98efecac30839/1.8.7.json",
  "assets": "1.8",
  "asset_index": "https://launchermeta.mojang.com/v1/packages/f6ad102bcaa53b1a58358f16e376d548d44933ec/1.8.json",
  "client": "https://launcher.mojang.com/v1/objects/d546a6a092060c85f1eb1d9213ff823c558b1255/client.jar",
  "client_mappings": null,
  "server": "https://launcher.mojang.com/v1/objects/35c59e16d1f3b751cd20b76b9b8a19045de363a9/server.jar",
  "server_mappings": null
}