{
  "id": "17w16b",
  "type": "snapshot",
  "time": "2017-04-21T12:02:59+00:00",
  "releaseTime": "2017-04-21T12:02:59+00:00",
  "url": "https://piston-meta.mojang.com/v1/packages/72a645ed45a018a5f25e59a7cfc963b55144c875/17w16b.json",
  "assets": "1.12",
  "asset_index": "https://launchermeta.mojang.com/v1/packages/1584b57c1a0b5e593fad1f5b8f78536ca640547b/1.12.json",
  "client": "https://launcher.mojang.com/v1/objects/339b2099d66421af8f194e76074ebda5694abdb3/client.jar",
  "client_mappings": null,
  "server": "https://launcher.mojang.com/v1/objects/80601961e590046727791d6b18f51d840ea86e1c/server.jar",
  "server_mappings": null
}