{
  "id": "15w39b",
  "type": "snapshot",
  "time": "2015-09-21T15:09:52+00:00",
  "releaseTime": "2015-09-21T15:09:52+00:00",
  "url": "https://piston-meta.mojang.com/v1/packages/909aa3af2988edc58b1e9c66f906a883d9a34815/15w39b.json",
  "assets": "1.8",
  "asset_index": "https://launchermeta.mojang.com/v1/packages/f6ad102bcaa53b1a58358f16e376d548d44933ec/1.8.json",
  "client": "https://launcher.mojang.com/v1/objects/39da2b441cd74782e6ee537dba7168ee9d483ab0/client.jar",
  "client_mappings": null,
  "server": "https://launcher.mojang.com/v1/objects/031a5a79a1548f54c7bd148f6f3cf9e42fbd3222/server.jar",
  "server_mappings": null
}