{
  "id": "1.7.9",
  "type": "release",
  "time": "2014-04-14T13:29:23+00:00",
  "releaseTime": "2014-04-14T13:29:23+00:00",
  "url": "https://piston-meta.mojang.com/v1/packages/5579bc9e25a9bb5e3187a2570693a0c6658edce4/1.7.9.json",
  "assets": "1.7.4",
  "asset_index": "https://launchermeta.mojang.com/v1/packages/545510a60f526b9aa8a38f9c0bc7a74235d21675/1.7.4.json",
  "client": "https://launcher.mojang.com/v1/objects/fbbaae784b1de315a8d08a82c6c345a583fb676b/client.jar",
  "client_mappings": null,
  "server": "https://launcher.mojang.com/v1/objects/4cec86a928ec171fdc0c6b40de2de102f21601b5/server.jar",
  "server_mappings": null
}