{
  "id": "1.18.2-rc1",
  "type": "snapshot",
  "time": "2022-02-25T13:25:40+00:00",
  "releaseTime": "2022-02-25T13:25:40+00:00",
  "url": "https://piston-meta.mojang.com/v1/packages/a2fdd5749ab3f214f566c07065788a56cb068611/1.18.2-rc1.json",
  "assets": "1.18",
  "asset_index": "https://launchermeta.mojang.com/v1/packages/9f03880afa475714d0a141be7252aec5755283d0/1.18.json",
  "client": "https://launcher.mojang.com/v1/objects/a2699aadf0435f35cc0694d2f9e9403baac27ee2/client.jar",
  "client_mappings": "https://launcher.mojang.com/v1/objects/8b7892d88d0b9a3f7bab25f7cdff0bad7b4bc0c2/client.txt",
  "server": "https://launcher.mojang.com/v1/objects/2f52c69c90d63c024548ae5c5438ff3156ece6c2/server.jar",
  "server_mappings": "https://launcher.mojang.com/v1/objects/eeec4456359d8698565acb9d5b67a68cc8885252/server.txt"
}