{
  "id": "13w47b",
  "type": "snapshot",
  "time": "2013-11-21T16:57:41+00:00",
  "releaseTime": "2013-11-21T16:57:41+00:00",
  "url": "https://piston-meta.mojang.com/v1/packages/ac1dc3c3a7d33aa47e97c7b3d419510696f57cde/13w47b.json",
  "assets": "legacy",
  "asset_index": "https://launchermeta.mojang.com/v1/packages/770572e819335b6c0a053f8378ad88eda189fc14/legacy.json",
  "client": "https://launcher.mojang.com/v1/objects/a7e8a25c8940ac44805e0de9cb622c03ef696d62/client.jar",
  "client_mappings": null,
  "server": "https://launcher.mojang.com/v1/objects/7c1b69de43b6edf1d20f5030b88df78fd08ad8c7/server.jar",
  "server_mappings": null
}