{
  "id": "18w43b",
  "type": "snapshot",
  "time": "2018-10-24T15:02:30+00:00",
  "releaseTime": "2018-10-24T15:02:30+00:00",
  "url": "https://piston-meta.mojang.com/v1/packages/efb23e85ea13754e7e994ec773106a15e5037844/18w43b.json",
  "assets": "1.14",
  "asset_index": "https://launchermeta.mojang.com/v1/packages/d6c94fad4f7a03a8e46083c023926515fc0e551e/1.14.json",
  "client": "https://launcher.mojang.com/v1/objects/0b93502884da84e9d60532729eca59b70c96f281/client.jar",
  "client_mappings": null,
  "server": "https://launcher.mojang.com/v1/objects/ed443be5ff6a304164612c545f0942fd99d53e13/server.jar",
  "server_mappings": null
}