{
  "rewards": {
    "recipes": [
      "minecraft:granite"
    ]
  },
  "criteria": {
    "has_the_recipe": {
      "trigger": "minecraft:recipe_unlocked",
      "conditions": {
        "recipe": "granite"
      }
    },
    "has_quartz": {
      "trigger": "minecraft:inventory_changed",
      "conditions": {
        "items": [
          {
            "item": "minecraft:quartz"
          }
        ]
      }
    }
  },
  "requirements": [
    [
      "has_the_recipe"
    ],
    [
      "has_quartz"
    ]
  ]
}