{
  "id": "19w07a",
  "type": "snapshot",
  "time": "2019-02-13T16:12:08+00:00",
  "releaseTime": "2019-02-13T16:12:08+00:00",
  "url": "https://piston-meta.mojang.com/v1/packages/a19c014d87039cb3fbc19b9582eeaaca04cb1240/19w07a.json",
  "assets": "1.14",
  "asset_index": "https://launchermeta.mojang.com/v1/packages/d6c94fad4f7a03a8e46083c023926515fc0e551e/1.14.json",
  "client": "https://launcher.mojang.com/v1/objects/656fcedd90336e82678d260e4fa20df958926474/client.jar",
  "client_mappings": null,
  "server": "https://launcher.mojang.com/v1/objects/d370db01d591576477c3efc940a42926f43bc98f/server.jar",
  "server_mappings": null
}